Year,annual_Mean_bihar,Cos 10,Cos 20,Cos 30,Cos 40,Cos 50,Cos 60,Cos 70,Cos 80,Sin 10,Sin 20,Sin 30,Sin 40,Sin 50,Sin 60,Sin 70,Sin 80
1871,1319.4166666667,1318.7264314952,-1319.2440965884,-671.9903729452,10.6698602972,-1072.4254565543,653.5384619035,-287.650453589,-936.7332415862,42.6724636489,-21.339022813,1135.4687485558,-1319.3735234418,768.6117227913,1146.1883872604,-1287.6791358207,929.1884493392
1872,886.75,700.3366084814,-838.853100987,-600.353150707,145.7267566369,-779.7855151576,356.3442198988,-115.0094454936,-676.5902615127,543.9248085175,-287.490934578,652.6114134277,-874.6938178015,422.2086129515,812.0002213329,-879.2601378132,573.1938420169
1873,742.25,206.8711768595,-593.500292133,-605.0708222801,234.9568797293,-691.8456239009,225.6338235534,-29.9415307907,-602.2174883209,712.8389570477,-445.7493306086,429.9120404517,-704.0811935905,268.8581320867,707.1240627844,-741.6458502776,433.8999415308
1874,1136.8333333333,-385.0629293214,-653.6962805058,-1043.3304441658,524.0449914954,-1102.8709307512,230.5398026031,56.0963757802,-971.6331206469,1069.6338477442,-930.0920387954,451.499293526,-1008.8443262795,275.8001774505,1113.2122112129,-1135.4484684045,590.1856543832
1875,853.5833333333,-705.8178296009,-251.1276281372,-836.723869943,507.0730465263,-847.5010777264,84.8261662427,118.3329543057,-762.0477702355,480.0267683806,-815.8059949097,168.8125362997,-686.6450556371,101.7174036091,849.358009596,-845.3412440368,384.5617022319
1876,962.8333333333,-962.3780144775,14.805339775,-962.7827388046,686.0404880269,-962.8151192009,-4.9352861498,218.3726936858,-890.9519284637,-29.607178659,-962.7194968899,-9.8704426301,-675.5712224226,-5.9223319688,962.820684618,-937.7427122778,365.0379280905
1877,835.5,-660.675809516,270.2458243427,-815.4379218377,679.6508795839,-828.2590447628,-91.5474366234,261.6362440805,-795.5842381208,-511.4369215459,-790.5867722302,-181.9924328896,-485.9371686554,-109.759759332,830.4693352844,-793.4776151748,255.1587154181
1878,930.5,-260.7609124646,558.2079455506,-846.2117242479,832.2387708269,-899.8563998843,-198.0280795586,369.3877450542,-905.6015752676,-893.2155375556,-744.4690319443,-386.9831620955,-416.1837074329,-236.8305503673,909.1837711411,-854.0391933651,213.8130886377
1879,1287.5,434.1661619128,1052.7690115744,-1034.0410083706,1227.4152419622,-1194.2412436147,-403.9359180135,614.9268555881,-1272.3901473263,-1212.0874530536,-741.1704650542,-767.0824225648,-388.7262195929,-481.0863769113,1222.4941816379,-1131.159233829,196.6712052814
1880,1037.6666666667,857.1036526313,991.498865689,-686.7232194785,1026.0598018816,-906.3509559006,-426.7096888004,575.2895849851,-1034.7608819264,-584.9148995856,-306.075334597,-777.9224453249,-154.7688407721,-505.2524674351,945.8704734767,-863.5936570626,77.6017290144
1881,1058.6666666667,1058.2165340021,1058.5541275189,-520.3961677974,1058.6385315059,-852.8354268592,-533.7832119892,663.5103555764,-1058.6596328531,30.8687265005,15.4360041395,-921.9343467151,7.7182071891,-627.2534143431,914.2486498266,-824.9418883498,-3.8591292347
1882,914.6666666667,724.1680526458,865.7330679636,-274.2708949161,902.3503451012,-663.140232624,-541.1786515997,634.8107465608,-911.582386137,558.7447920459,295.1632872591,-872.5769807376,149.5960086597,-629.9683666555,737.3878071706,-658.5062089017,-75.0510785795
1883,876.5,246.9678058204,701.6835226089,-83.3267271445,831.6483203755,-554.8401308109,-589.5830618572,662.4116529438,-865.214425102,840.9870111293,525.2546849855,-872.5301751478,276.7911147719,-678.5312662226,648.570785012,-573.9887211821,-140.200743919
1884,735.5833333333,-246.9475666233,423.9294316643,83.7641241973,653.0383850584,-390.6353249252,-548.9527912164,596.8368060807,-714.6492119752,692.8923001568,601.1378188457,-730.7984754877,338.5612321545,-623.2871595006,489.6260545492,-429.9635649507,-174.2393299486
1885,1106.6666666667,-913.1023826675,327.2698740788,351.7479983477,890.7552334279,-465.6033385808,-898.3259141173,952.2704821503,-1051.3040083879,625.2640641186,1057.1686434205,-1049.2780645614,656.7086303925,-1003.9545020635,646.3139044896,-563.8191553472,-345.6457623909
1886,1389.25,-1388.7220610238,-19.1499245778,705.6520770476,975.5540809664,-422.0100753236,-1206.3048351346,1254.0353154384,-1281.6598748269,-38.2962103319,1389.1180089858,-1196.6915678898,989.0954441356,-1323.6023038758,689.0894043815,-597.8385987315,-536.0629886112
1887,1076.25,-853.1442622701,-346.4949857009,727.3872258459,626.657336245,-195.9042804436,-985.1813448083,1009.0873485862,-957.2758277095,-656.0936901507,1018.9481279163,-793.2350762392,874.994083083,-1058.2700862275,433.280256118,-374.2416136981,-491.8709710718
1888,986.0833333333,-279.3511565916,-590.295189128,802.9293697641,441.7465860263,-56.6147484973,-939.179325168,951.5500060902,-839.0349475186,-945.6866667077,789.8809593667,-572.4200969986,881.6009834454,-984.4567590963,300.5038027293,-258.6753296848,-518.0547240593
1889,1146.75,383.2621935576,-936.6273226215,1051.7047903842,347.1009797478,78.095856711,-1122.7372869183,1129.0915969044,-925.4927366073,-1080.8078707566,661.6379833556,-457.1133299117,1092.9576718053,-1144.0876713192,233.4449551039,-200.4687713835,-677.1253628296
1890,1357.1666666667,1118.5653974969,-1296.1444813525,1329.9315642821,203.4911249117,261.3151688865,-1350.3407253547,1352.1505728465,-1029.094925846,-768.5784362274,402.3814664852,-270.5242973144,1341.8244010277,-1331.771655961,135.9458957079,-116.5769679746,-884.7965838029
1891,819,818.7236842955,-818.9309181604,818.9692967204,-5.3187417046,257.1282521644,-818.9923241441,818.9943605933,-577.2369316598,21.2727236984,-10.6372590915,7.091616835,818.982729358,-777.5899060166,-3.5458416499,3.0392953619,-580.9978698137
1892,1006.3333333333,798.6972987768,-953.0116716966,982.5170649462,-163.7976884661,433.1429240656,-1000.3615473422,1001.9447459894,-651.1035647081,612.2004595754,-323.2267491834,217.6395985736,992.9134378338,-908.3468418559,-109.4694129736,93.8802628991,-767.3140985294
1893,1256.1666666667,357.7822790847,-1006.8239338024,1143.2088402136,-395.7373052921,678.4542718427,-1227.6024463481,1235.1595028764,-735.1335534378,1204.137257632,-751.1725905324,520.603728475,1192.202449102,-1057.1917969143,-266.3586457481,228.7699650276,-1018.5938116121
1894,1169.75,-389.1927892253,-675.6688528057,940.5802053912,-537.5646109681,750.1277450184,-1110.9812684641,1126.47598947,-608.0702503906,1103.1065385152,-954.8752085211,695.4307583982,1038.9125812766,-897.565278213,-366.1088412233,315.225169756,-999.2825591843
1895,899.6666666667,-740.6853470565,-267.4230673259,596.4688637748,-533.2956457446,658.8634752382,-820.3728620432,841.1784826276,-405.9629263592,510.6714479654,-859.0023365353,673.5168933727,724.5659841181,-612.616545735,-369.3081075934,319.0906947491,-802.8662488441
1896,718.25,-718.0364771634,8.7567910044,354.0573318673,-510.9660593616,583.1284340278,-620.5581121513,646.0313872044,-272.8384965172,-17.5122803421,-718.1966173071,624.9211696295,504.7739580055,-419.3379209281,-361.6499577536,313.8893264301,-664.41118091
1897,1143.75,-908.8678959371,366.5013004901,344.7008982717,-929.3411442887,1004.9162198681,-922.6092658591,979.8282003833,-350.1643390751,-694.3509272946,-1083.4393657418,1090.5711133304,666.7001575163,-546.1752956204,-675.9853586069,590.0006442654,-1088.8291868517
1898,1215.5833333333,-348.0786809428,726.1281557119,117.4896437373,-1086.3498801549,1132.3333554306,-900.1281278363,980.9980002419,-280.2624054282,-1164.6819618037,-974.8747313169,1209.892153827,545.423485161,-442.113121788,-816.9529936023,717.8340781817,-1182.8338109732
1899,1420.9166666667,470.62488517,1159.2503863914,-159.5575472349,-1353.9206713236,1377.9166303393,-946.6483495609,1066.9168197727,-218.1693452149,-1340.7148806029,-821.6706854102,1411.9297300969,431.1646893867,-346.9148792508,-1059.6513935653,938.4522754501,-1404.0677727303
1900,1063.9166666667,874.9475866948,1015.5761895485,-336.5531332091,-1051.7621185282,1056.1324100297,-622.0346396991,732.6902722938,-80.4096584385,-605.2977731233,-317.054690603,1009.2822509776,160.3593453477,-128.4640264666,-863.1289478552,771.4166439073,-1060.8736778905
1901,848.3333333333,848.1130058203,848.2782496667,-429.7358782273,-848.3195623049,848.3245198665,-421.3728600746,526.7648625261,2.4168597852,19.3332305332,9.6672429764,731.4345626292,-4.8336999539,3.8669674958,-736.284155226,664.9723483365,-848.3298905692
1902,992.1666666667,789.3722269278,940.1019906358,-669.3937208031,-979.0639797328,983.7742827186,-400.1528194251,543.9204474269,80.6227301064,601.0708625441,317.1796677707,732.3296668809,-160.7122211729,128.7744349863,-907.8944958257,829.7862624287,-988.8855696362
1903,766.25,220.582404286,614.8822366047,-623.2184076397,-727.4244209189,741.3252153548,-234.0918170784,360.9644848684,121.9633140967,733.813644885,457.2295896024,445.8002679217,-240.816889671,193.8452671054,-729.6163948795,675.9021402272,-756.4813365276
1904,1117.75,-368.5322202557,647.0850691019,-1024.3974632406,-993.137553033,1037.4507814973,-228.412782001,436.0954350602,263.8991877568,1055.2483428717,911.3978142641,447.1855317497,-512.8770449686,416.0059356194,-1094.1629967782,1029.1675441927,-1086.1502111593
1905,1182.4166666667,-971.327402777,353.2672244757,-1158.3115365061,-952.8426490293,1033.6986167036,-119.378196615,361.9283502705,368.4101957656,674.2642287899,1128.4110251688,237.5364351172,-700.1428852756,574.0874005204,-1176.3749486385,1125.662934844,-1123.5582322546
1906,1099.8333333333,-1099.5862117703,-11.6574553898,-1099.8058744678,-773.5670956974,887.0349850837,3.8858831409,241.4875685104,423.5790857049,-23.313601086,1099.7715512073,-7.7717177734,-781.810277219,650.2324940732,-1099.8264685955,1072.9944619456,-1014.9946400176
1907,919.25,-732.2454172498,-293.1756834162,-897.8101698253,-536.4321091805,667.4706871361,99.268735985,120.6761501471,419.4671299016,-555.7312402741,871.2454195882,-197.3764460577,-746.499266403,632.0628483893,-913.8743242678,911.294589738,-817.9657018678
1908,540,-156.2746504187,-321.878617474,-491.797580152,-242.6783329472,342.4949796214,114.0817836421,22.642298028,283.3316962577,-516.8928647568,433.5829281845,-223.0137667424,-482.3973742859,417.4891482831,-527.8118477649,539.5250933367,-459.6989774796
1909,1183.9166666667,388.5673375487,-964.8030940708,-953.0912172739,-360.1473382444,630.3219699747,369.6471943806,-56.5363298525,698.3101880282,-1118.3354138189,686.158628367,-702.3359631733,-1127.8087463602,1002.174080576,-1124.7309123954,1182.5659884412,-956.0447452432
1910,1076.75,883.5457039868,-1027.3140705908,-715.1560295532,-163.1412532,454.5717736837,441.2178077088,-147.5722118843,701.3302425095,-615.4165674294,322.5156784811,-804.9487038897,-1064.3192631933,976.0917298441,-982.2002894831,1066.5894265272,-817.0229210013
1911,1165.5833333333,1165.3593106579,-1165.5273263189,-576.1822295792,5.7131796128,355.8354375768,586.0870682689,-262.5485050166,826.209323925,22.8513458532,-11.4262219638,-1013.2119942349,-1165.5693314956,1109.9394795704,-1007.5149901378,1135.6288079553,-822.1694837463
1912,902.4166666667,719.7044849572,-855.5200648079,-273.3384478696,145.4652452089,165.6753058882,532.7713718282,-281.2258441626,687.6140276256,544.4091242901,-287.1258591434,-860.0243794184,-890.6153505943,887.0780874854,-728.3615212503,857.4776176979,-584.4166230441
1913,1342.9166666667,390.6835129531,-1078.9069873135,-131.9254005435,421.0362208675,79.2370649919,901.7373105469,-531.1442353671,1088.3110152628,1284.8313376929,-799.6154615422,-1336.4209150947,-1275.2073064129,1340.5769881445,-995.1356673232,1233.414356511,-786.7682680872
1914,868.0833333333,-283.6029346772,-503.6753382554,96.1048623407,397.7037258189,-57.7387058941,646.914098958,-413.3927667378,741.2181357735,820.4499064864,-707.0218011097,-862.747082896,-771.6219411608,866.1610216656,-578.8530229518,763.3315754113,-451.845492189
1915,1084.0833333333,-888.575247999,-325.5357559799,341.2941973875,641.2210173369,-207.0399104145,878.9846485469,-599.5856148661,967.0505910988,621.0239143983,-1034.0518097221,-1028.9581840098,-874.1122814241,1064.1292915368,-634.5255402503,903.1798071573,-489.9488012706
1916,1257.4166666667,-1257.2126610502,11.3251945312,635.2356526413,893.1229372175,-392.8690062511,1090.8374238408,-786.5137306242,1162.7820819592,-22.6494703334,-1257.3656642282,-1085.1600523539,-885.1147341601,1194.4666665665,-625.4361585003,981.0671868689,-478.5754940297
1917,1023.6666666667,-817.3875317685,324.9315885107,689.4418470732,830.8173928578,-439.1313264867,936.3898979321,-709.2859154095,974.2621607144,-616.2556834253,-970.7280294874,-756.6791816541,-598.0266751321,924.6929882629,-413.6029539247,738.110381072,-314.1762031799
1918,1206.1666666667,-352.7374496825,717.4182440828,979.8994212072,1077.0710282635,-649.8317785147,1148.207308443,-910.2968704471,1173.4490188546,-1153.4358757076,-969.6128561622,-703.3030300629,-542.9143835388,1016.1479653132,-369.402226057,791.3265036836,-279.025855302
1919,1059,344.3809236694,862.0267971954,969.8781533371,1008.5552484197,-677.8118601683,1036.4800925208,-858.2633163536,1046.3128136644,-1001.4403523988,-615.1347827241,-425.2262546921,-322.950941917,813.6658295733,-217.2326352278,620.3749509786,-163.4334603493
1920,973.75,797.2504617271,928.5773256996,953.5860560745,962.3905738836,-712.0608612967,968.6958977415,-837.1064542791,970.9059902532,-559.0892270254,-293.1436724485,-197.1362375624,-148.3018738925,664.1975551818,-99.0823909619,497.4352688584,-74.3681423086
1921,1185.5833333333,1185.4234906832,1185.5433719973,1185.5655726841,1185.5733429572,-961.4405462659,1185.5788931627,-1069.3774564183,1185.5808357367,19.4676144955,9.734135347,6.4894640712,4.8671086864,693.714578392,3.2447441876,511.8981304734,2.4335594699
1922,1163.25,929.9575532481,1103.3865338846,1136.5156656605,1148.1866024391,-1021.1632232698,1156.5471046567,-1090.0125709462,1159.4780351062,698.8057753459,368.3594974234,247.9570612189,186.596056977,557.1142018844,124.6970617546,406.2304243645,93.6015416879
1923,766.9166666667,225.4487187428,616.8717668583,698.9623678875,728.440255893,-713.9487570994,749.7356410485,-739.7373571819,757.2364711655,733.0307284339,455.6647856312,315.6149265929,239.8665612496,280.0684663566,161.4237967361,202.3606088169,121.4664577072
1924,1187.1666666667,-384.2715457097,690.3514773032,956.828008372,1055.6815231364,-1150.7773321958,1128.1132504578,-1168.5538890107,1153.8272421225,1123.2542337345,965.8051212485,702.7409599842,543.0480790437,291.6782922138,369.7636928987,209.3955656708,279.3696293095
1925,945.9166666667,-773.5961647442,285.4827794954,629.3845540002,763.1517737151,-938.8126719836,863.1638545633,-942.2899536093,899.0651595494,544.3411744218,901.8081408423,706.1398044749,558.8897123345,115.7113097365,386.9192428056,82.7525444005,294.0071073329
1926,909.5,-909.4000111768,-6.7431385371,450.8512723097,640.7251226152,-909.4960003767,786.5238337666,-909.4979593751,839.6218640014,-13.4859064047,909.4750024507,789.8882074425,645.4932743644,-2.6972761726,456.6952035189,-1.9266272208,349.6074591463
1927,788.6666666667,-631.251531512,-249.1466133879,240.0807852097,461.2491094946,-782.1576518925,636.9218255458,-785.3434990482,702.0565891719,-472.7754383161,748.2787422802,751.2365324478,639.7221038088,-101.1163621636,465.1082661645,-72.3235757816,359.3211052965
1928,1050.75,-310.485693464,-623.6315900004,104.8887961935,473.7059580094,-1016.9929896302,779.194284213,-1033.4815260189,894.9363379253,-1003.829764778,845.670859409,1045.5017469775,937.91163115,-264.1984510612,704.9339188533,-189.7142532277,550.6037718367
1929,1168.4166666667,376.4412174104,-950.0099208396,-127.5049359222,357.2044806108,-1085.1687628053,779.8136363038,-1125.6920267715,944.0765793881,-1106.1146038178,680.2048641777,1161.4387621653,1112.4758271424,-433.1353866589,870.1081539551,-313.0734223911,688.4162397819
1930,888.6666666667,725.9601726674,-847.0138874958,-278.4288436481,136.0430748388,-777.5811119472,520.7197000575,-831.3945363523,674.7686234127,-512.5527018221,268.8790040774,843.9228776786,878.1917366002,-430.2279149329,720.1245992303,-313.8655275241,578.2869091569
1931,982.75,982.6639201528,-982.7284798026,-495.1251179883,-3.2518436328,-793.5295559919,489.4963497295,-884.6193299718,693.7585362249,13.0070184893,-6.5036516612,848.9102897463,982.7446199359,-579.7485715957,852.168343757,-428.0726615194,696.0579400561
1932,706,565.7581709901,-670.0228610723,-474.6608663265,-112.6939663047,-513.4015851208,285.7668878418,-605.3956166141,457.642906527,422.3194193474,-222.4980126664,522.6213370866,696.9476809335,-484.6182130249,645.5798059212,-363.2246513997,537.5862443418
1933,1110.8333333333,329.929448355,-894.5522129326,-901.4171307544,-346.5921795942,-705.9129026521,341.047282913,-897.5064387041,651.5153675388,1060.7060165534,-658.5795569114,649.1516393162,1055.3788682215,-857.6932250599,1057.1837329727,-654.5478492281,899.7101868408
1934,976.9166666667,-313.2703012543,-569.3536665132,-894.0767951154,-446.1810661416,-521.4307273945,201.1562218563,-734.5593541844,509.1583514715,925.325830161,-793.8529939725,393.6913233071,869.0734317812,-826.1211594796,955.9823994299,-644.0409372015,833.740935026
1935,942.5833333333,-769.1383833131,-285.9076067018,-922.7596825391,-556.3144773091,-399.2909691806,96.6577540719,-650.2189897456,426.6676609928,544.8756625069,-898.1760299116,192.2964080738,760.9057383238,-853.832572703,937.6143230857,-682.40648125,840.4867918895
1936,1290,-1289.9125642307,7.5097317658,-1289.990284817,-914.8189859141,-395.773956679,-2.5032564902,-802.6231960636,491.926573876,-15.019209026,-1289.9781408725,-5.0065035542,909.5087811621,-1227.7878380301,1289.997571202,-1009.8990073966,1192.5218010228
1937,1122.4166666667,-900.5248466909,352.8845965311,-1097.0004386389,-909.9183276997,-207.8222337375,-119.4311474078,-616.8196982142,345.3343867149,-669.9807266658,-1065.5006499962,-237.5062341021,657.1665013734,-1103.0091082016,1116.0445218001,-937.7380409828,1067.971598388
1938,1250.0833333333,-373.1888308361,740.3347900319,-1140.1349191391,-1115.3897351113,-75.746940568,-262.1494612912,-590.6437856699,290.1535991884,-1193.0793925036,-1007.2798712106,-512.6409137372,564.459103112,-1247.7863363863,1222.2872003839,-1101.7478199331,1215.9437606879
1939,993.0833333333,316.9559916141,806.5290508148,-801.3367042031,-945.2949447547,64.4745950793,-308.5614862649,-388.9119468351,154.0419621795,-941.1447318688,-579.4181539581,-586.5782074381,304.355013702,-990.988160138,943.9302496151,-913.7625537049,981.0634948016
1940,939.3333333333,765.6206386862,894.8519703607,-626.1202174017,-928.1463772676,177.9266087352,-383.5436873628,-288.9463332883,72.4854493366,-544.2170051815,-285.6344906564,-700.2289514665,144.5386227834,-922.3281590709,857.4621571796,-893.7880775611,936.5324184167
1941,969.0833333333,969.0343898601,969.0710973877,-481.7273487906,-969.0802743421,301.3152103588,-485.9467882498,-214.2846083422,-1.2174599388,9.7395181044,4.8698205401,-840.8693527365,-2.4349179561,-921.0492120136,838.437967851,-945.0950288579,969.0825685852
1942,1059.25,850.8515881106,1005.8019455157,-324.056549186,-1045.8026279579,452.8713392674,-624.0006661754,-140.7271361851,-84.3923244008,630.9216571886,332.2243351967,-1008.4631453006,-168.2481080318,-957.558412093,855.9402614159,-1049.8601981412,1055.8828050888
1943,886.1666666667,265.8950276672,714.4643698122,-89.8638230743,-842.1478107078,476.2396442681,-593.993702224,-38.5671967764,-139.6567987167,845.3349604583,524.2442421048,-881.5984655236,-275.8231789232,-747.3199865778,657.6190712178,-885.3270200576,875.0927606165
1944,898.25,-285.3325061095,524.6680564353,96.6004780674,-799.4173328722,573.8240797803,-668.4401401487,41.4656840226,-210.6851243533,851.7267305053,729.0929248432,-893.0405422696,-409.6156618142,-691.070899376,600.0340336497,-897.292404709,873.1923275409
1945,988.6666666667,-804.9173730904,301.3858005799,308.2642058479,-798.5711842465,721.8938105123,-800.6972969313,133.9401783374,-306.5461359671,574.081701742,941.6094609692,-939.38009196,-582.8772095981,-675.522837602,579.9531157471,-979.5518395699,939.942149444
1946,1180.25,-1180.2077864886,-4.9911169495,593.0042822784,-832.7962826287,956.0144264575,-1022.9573223403,264.0204241837,-452.8146695545,-9.982144641,1180.239446575,-1020.4587123933,-836.3255431588,-692.1173880963,588.6835985234,-1150.3405052913,1089.9307030891
1947,891.6666666667,-717.0838034707,-278.9889959148,598.4370439395,-522.6395777304,782.0716837166,-815.0692635058,276.526005071,-405.6162930046,-529.9625111689,846.8970330583,-661.0163000149,-722.4384515198,-428.2911696184,361.56816803,-847.7044372681,794.0685532709
1948,1101,-332.0282394683,-650.6296597702,892.4117399555,-497.9245648655,1024.3166118009,-1047.5558041677,433.8513851662,-576.1883607307,-1049.741991251,888.1903207237,-644.8273306782,-981.9735880886,-403.7034540213,338.8625638138,-1011.9159923578,938.1939953754
1949,1346,425.5287618385,-1091.89690755,1230.9974029854,-413.5352236737,1304.2137167517,-1316.935553552,639.0971636749,-792.1797740839,-1276.9656506141,787.0687030258,-544.3908465828,-1280.8999253576,-332.7800790865,278.2027098912,-1184.5973220393,1088.1944704566
1950,907.6666666667,738.1313395552,-864.244175657,888.2813116118,-140.380104846,900.671957542,-902.807320238,500.8079495541,-590.1018708435,-528.2242926487,277.3820156765,-186.5880200311,-896.7453395147,-112.4668959084,93.7961635806,-757.0007763809,689.6655419875
1951,737.8333333333,737.8159465075,-737.828986614,737.831401457,1.2663242789,737.8326378576,-737.8328503641,460.5970818637,-522.1744746929,5.0652598149,-2.5326448278,1.6884317272,-737.8322466527,1.0130596022,-0.8442164162,-576.4098853736,521.2790478784
1952,1094,880.8359694337,-1039.3436752491,1069.5945769097,172.9075175889,1085.1930269705,-1087.8815347131,756.7617241646,-832.4652618105,648.8173818201,-341.468482762,229.7899933534,-1080.2495037542,138.5355341222,-115.5411893239,-790.0301847648,709.815178676
1953,1126,341.2768885825,-908.8877203879,1027.6991856321,349.6200987095,1090.2749923824,-1101.1505989241,848.6172741365,-911.4681100145,1073.0359198645,-664.6797061202,460.1199668033,-1070.3465731147,281.3830858201,-235.251691788,-740.0842668488,661.1368121853
1954,832.5,-261.9310083118,-487.339042957,672.5414395228,379.0425416351,773.6761740472,-791.500789135,673.9195087198,-710.1440578894,790.2204735925,-674.9495590115,490.6569699134,-741.2037517652,307.3783136653,-258.0363361983,-488.7624635413,434.4555984729
1955,1001.0833333333,-813.1706081482,-306.6890096694,668.4678664207,589.5534683899,876.7161856109,-914.1553150916,859.7886077348,-892.2891884338,583.8847508897,-952.9478955461,745.1969886149,-809.0701750696,483.2562158583,-408.0292883698,-512.7683592883,453.8588376157
1956,1197.6666666667,-1197.6500199225,3.15731299,597.0095318346,847.9937655929,968.1898187014,-1036.6831387664,1079.4514770542,-1106.8015429688,-6.3146040376,-1197.6625049734,1038.2605951028,-845.7612062279,704.9921413799,-599.7445408188,-518.8351887932,457.5978462869
1957,963.5833333333,-776.7399388975,300.0326489082,296.249927432,780.2561439109,701.7681366762,-779.0873933175,902.3797045616,-916.6064194302,-570.2349582403,-915.6818496983,916.9126571131,-565.4141757747,660.3138061738,-567.023521427,-337.9403927811,297.1960836504
1958,836.1666666667,-254.7006956764,493.0529701478,86.1182057118,745.4693665682,532.3951689644,-620.9604928874,806.1807419509,-813.176281562,-796.4309449453,-675.3321131658,831.7201146356,-378.7480930024,644.7713381563,-559.984607572,-221.9173399085,194.728091321
1959,943.25,295.3501331405,764.3001948138,-99.9462259734,897.398105987,504.7308369016,-630.6529492719,928.1952738083,-931.7165142822,-895.8174263509,-552.7800418861,937.9399311329,-290.5119651081,796.848382555,-701.4252776132,-167.8514110157,147.0540700351
1960,991.0833333333,804.1260443049,943.1866448431,-307.5175620783,979.035938446,421.2655181746,-582.0097263483,987.1441066329,-988.0668942281,-579.3336503963,-304.3766196681,942.1672476925,-154.0610425845,897.0961692083,-802.1912814579,-88.2761935684,77.2656854072
1961,1034.75,1034.7429942977,1034.7482485729,-518.4737888981,1034.7495621432,319.0309873632,-516.825313543,1034.7498570263,-1034.7498905358,3.8076570077,1.9038317263,895.4845016669,0.951916266,984.340790378,-896.4369234816,0.5439522036,-0.4759581833
1962,925.75,747.1142506197,879.9585444813,-620.2180815704,914.2304646678,172.8568984631,-376.0626101371,921.9832492857,-922.8656227117,546.6565274658,287.5517735894,687.2718485382,145.5874993715,909.4688313261,-845.9255143078,83.4263180093,-73.0212634571
1963,1078.75,330.2288473878,871.7614156464,-873.3697386362,1025.6983449408,67.0800865407,-332.8317570081,1061.3302169169,-1065.4045363393,1026.9617669869,635.400343634,633.1878569071,334.132410409,1076.6623539856,-1026.1211351624,193.0796031672,-169.1589088625
1964,1002,-312.2299267258,587.8561105495,-915.7422538692,892.478521526,-63.460943745,-207.8824927971,965.7869722439,-974.2349507611,952.1115863473,811.4364998505,406.7187289498,455.5064089721,999.9883542417,-980.1983825678,266.9447962483,-234.2440195938
1965,834.5,-676.3027245538,256.9198575041,-816.4030401174,674.8295603659,-156.7640834381,-86.8962399131,781.1871825491,-793.579081795,488.8812481176,793.9662693214,172.8476962159,490.9127360911,819.6433810773,-829.9634290069,293.4907763814,-258.113329639
1966,652.9166666667,-652.9152445657,-0.6813638647,-652.9165086554,461.4408411638,-202.0215345894,0.2271213249,588.1730973528,-603.1511375632,-1.3627269874,652.9163111414,-0.4542426223,461.9226382385,620.8763751129,-652.9166271639,283.465308568,-250.017757104
1967,765,-618.1017682407,-237.041291019,-748.1890173654,449.382026994,-325.9659812411,80.1885332061,656.6141711049,-681.5431940275,-450.7496024377,727.348902764,-159.4935556498,619.096756424,692.0774371943,-760.7856459886,392.5338587998,-347.4534136755
1968,939.75,-289.1024008179,-552.9222736205,-858.3194887611,426.333998096,-503.773324323,195.6071610866,760.159278268,-801.1795794985,-894.1755221104,759.8730300743,-382.6456816859,837.4779904973,793.3110992546,-919.1669603677,552.5286727067,-491.1632558474
1969,1122.25,348.0018260604,-908.2923845867,-907.6704520388,346.4923764656,-715.5447458439,346.995603502,845.0150842005,-907.8260108602,-1066.930078102,659.1282171185,-659.9844036003,1067.4212362283,864.5465743355,-1067.257754083,738.5083411672,-659.770411966
1970,1095.4166666667,886.7338829434,-1041.9406767867,-732.7561786102,171.1410099611,-798.6463037847,445.6816930044,756.9095790098,-832.8890647237,-643.1490452852,338.0788364693,-814.2518383889,1081.9650772186,749.7344563658,-1000.6525381629,791.8494571662,-711.5008640014
1971,1297,1296.9998414314,-1296.9999603578,-648.3148500142,-0.1603369624,-1049.3704315345,648.5925683862,808.5946387158,-917.0608057702,0.6413478249,-0.3206739223,-1123.3418247582,1296.9999900895,762.2536962332,-1123.1814992396,1014.0925550659,-917.1741811238
1972,639,516.8957636607,-607.7077393695,-197.4262149947,-99.9893857939,-559.9708014138,375.6099363824,352.00976598,-414.9866157346,375.6857323742,-197.5153247482,-607.7366943281,631.1284518452,307.8208920199,-516.9508445595,533.3011575599,-485.9085395022
1973,1083.0833333333,334.8380164847,-876.2782041011,-113.2642281467,-334.654440221,-1007.0140459131,724.7050811109,513.2586765316,-636.636026437,1030.0257325237,-636.5579439153,-1077.1447078117,1030.085390919,398.7382829352,-804.9049958576,953.7478901205,-876.2214770176
1974,1099.3333333333,-339.2305465346,-646.3769528253,114.7435783034,-498.9739710839,-1064.7705379389,816.9073442541,432.1321054258,-574.4541143118,1045.6846628289,-889.2303484666,-1093.3287195605,979.5706988056,273.4912783162,-735.660362315,1010.8390679223,-937.3026450021
1975,863.75,-698.3923951064,-267.2336348842,266.6999356933,-507.5633016525,-856.9221826704,698.7224527504,267.0049204588,-392.2092940623,508.2441588032,-821.3709557116,-821.5444034264,698.8873709802,108.3901994991,-507.7903076295,821.4453329046,-769.5686663003
1976,992.0833333333,-992.0827351206,-0.5447370419,495.7271293461,-701.3162324292,-992.0833094048,859.078565436,220.9110441424,-379.779669472,1.0894739195,-992.0831837801,-859.3508907938,701.7014197,0.2178948259,-496.1989104041,967.175088003,-916.513362114
1977,1089.9166666667,-882.667810135,336.0684326752,728.9140261868,-881.5341531078,-1081.361009798,995.5837197308,146.5216576646,-336.986331006,-639.3871106218,-1036.8106620001,-810.3102385544,640.9492001573,-136.2963930797,-443.5441322855,1080.0230294365,-1036.5126882933
1978,1087.75,-337.9278438438,638.5996595516,879.6382743832,-968.9780292084,-1053.6701502917,1034.4144709594,49.0710884547,-254.1596065748,-1033.9269001506,-880.5626254393,-639.8723065895,494.2485623766,-270.1467691538,-336.4324074311,1086.6425772893,-1057.6402776397
1979,874.3333333333,268.4755055985,706.8224181172,798.4996029262,-831.4015812725,-813.0667116917,855.1647786449,-38.9705488691,-136.9975581628,-832.0935528361,-514.6463319841,-356.1701305617,270.6107692523,-321.529625566,-182.0768495525,873.4644091768,-863.5336975678
1980,1088,878.6909099396,1034.3499673743,1064.0453798916,-1074.503784196,-953.6702468644,1081.9947720119,-145.6804000734,-85.6851293829,-641.5966683124,-337.4376164462,-227.0493988793,170.8379868425,-523.6955797461,-114.1547779946,1078.2027736166,-1084.6206980335
1981,1128.5,1128.4959145387,1128.4989786342,1128.4995460596,-1128.4997446585,-913.3325187406,1128.4998865149,-250.6919327951,-0.3795740089,-3.0365884639,-1.5182956061,-1.0121972404,0.7591479748,-662.8242302534,-0.5060986711,1100.3025969394,-1128.4999361646
1982,735.0833333333,595.9924684257,699.4467947158,719.1729459211,-726.1195453551,-536.1554521788,731.0949162986,-226.8526704979,57.3983063614,430.2795423027,226.1010577291,152.1110804629,-114.4461130739,-502.8765634262,76.4704538158,699.2033844543,-732.8389600528
1983,942.3333333333,294.177885917,763.2842651791,861.2889784949,-896.4542143908,-601.1490019905,921.8496149534,-369.9486011557,147.026227394,895.238226702,552.6203413203,382.3263091056,-290.4512912899,-725.6803624991,195.4108454548,866.6776468872,-930.7928875799
1984,1441.0833333333,-440.3186923397,849.1717272511,1166.8896074297,-1284.6105240287,-773.0582108951,1370.8220779368,-682.2230903291,335.7754886891,1372.1663976309,1164.3146272587,845.6298349062,-653.0673588274,-1216.1834467623,444.486225042,1269.3670976644,-1401.4192787338
1985,1193,-962.369365786,370.9058820087,799.4438517947,-965.8518823392,-508.8105337695,1090.1801491476,-656.6560390977,368.0948956243,705.0490789985,1133.8773419958,885.5159670088,-700.2707629066,-1079.0555318079,484.5165037483,996.0179949762,-1134.7929977821
1986,1061.0833333333,-1061.0735988852,2.2725603067,531.8531897253,-751.1022620599,-328.757195994,919.3036483326,-661.0668675512,405.5340604542,4.545110189,1061.0808997185,918.1666650759,-749.495318335,-1008.8689440953,529.8854993675,829.9930342501,-980.5304513829
1987,1429.8333333333,-1160.6148895232,-438.7126080407,443.9282945426,-841.7652435153,-269.2166459118,1157.4037398976,-987.4247598151,648.3977780234,-835.1026519704,1360.8653896169,1359.1729214546,-1155.7917787909,-1404.2598615196,839.5474638054,1034.1255749739,-1274.3640306307
1988,1001.75,-314.24190562,-586.8182144179,106.3452948781,-455.8826143904,-63.8842565164,744.9947857684,-753.9258580092,522.8874895876,-951.1861475297,811.8789600226,996.0892232914,-892.0056638814,-999.7108903425,669.690847838,659.6202415974,-854.4540571223
1989,1055,320.7517841532,-851.8855945142,-108.4450490736,-327.3268227533,65.1407000792,706.6171075014,-853.0485734781,619.554356774,-1005.0588504971,622.3471168562,1049.4115833797,-1002.9367632639,-1052.9870318258,783.4010871746,620.752069096,-853.9188480192
1990,929.5,748.9333251218,-883.2054618549,-285.5931524271,-146.6812414828,173.1559671118,547.0426924925,-797.5493981215,603.1708033558,-550.5171428048,289.6866620154,884.5376200517,-917.8533997306,-913.2290299008,751.4749114844,477.3732371594,-707.2165382534
1991,834.6666666667,834.6522566518,-834.6630641552,-415.9166950787,-1.2261517555,256.9930947058,418.0410523813,-751.7044125333,589.7647905928,-4.9045805612,2.452300865,723.6585846926,-834.6657660383,-794.1177455,722.4334730399,362.7794379819,-590.6318110478
1992,670.25,544.6736879566,-638.084086094,-447.4553283974,103.8248616553,284.6269882966,273.2472585788,-627.3027623729,509.3248845405,390.5965132304,-205.1432708464,499.0178269248,-662.1596941843,-606.8134309928,612.0220569385,236.0642006305,-435.6870717473
1993,1084.1666666667,341.7345460649,-879.1798919457,-875.7236662923,333.3465376002,579.7326329973,336.1450229484,-1044.8275793664,876.5901452863,1028.899830468,-634.3974138579,639.1599341376,-1031.6479278228,-916.1481514194,1030.7394843792,289.4005710198,-637.9710638408
1994,887.5,-268.4798268774,-524.1089598768,-809.9474567069,401.5654044544,564.7789153016,185.5099487529,-873.0824343636,756.3218714454,845.9165635924,-716.2164813636,362.8241548932,-791.4552899219,-684.6028241476,867.8953329254,159.321413519,-464.3635179182
1995,998.8333333333,-803.8546110948,-312.0506746207,-976.5086918033,585.654084028,727.1396251231,105.590236563,-994.7203484637,889.5613662665,592.8623718868,-948.8373961045,209.9971490528,-809.1213268967,-684.7890137507,993.2364923422,90.5508483119,-454.2560989397
1996,1034,-1033.9711604733,-3.8613514884,-1033.9967955949,729.7819409115,835.6147789568,1.287119822,-1033.9994114356,954.9216006831,7.7226491277,-1033.9927900932,2.5742376496,-732.5123334931,-609.0188348392,1033.9991988984,1.1032456373,-396.5863544662
1997,1258.0833333333,-1023.5384620798,384.1074025861,-1231.2660238139,1016.3692230225,1101.5215356119,-129.8815039781,-1253.1433420642,1196.1293520369,-731.5344764632,-1198.0130119868,-258.3750224241,-741.4629296895,-607.8025832408,1251.3610464352,-111.3797012527,-389.9336441073
1998,1276.6666666667,-404.3405986372,746.2136468592,-1167.6918079783,1136.3414686913,1186.2511829879,-263.7466299237,-1256.4132357127,1241.0896528469,-1210.9444487967,-1035.8778745678,-516.1139596622,-581.898482822,-471.8960782181,1249.1258915665,-226.5028893939,-299.289577791
1999,1253.75,377.3713121049,1011.1919563197,-1016.3704624,1191.5684994443,1213.8340793704,-385.7554894399,-1208.9689751303,1238.1070367053,-1195.6086129249,-741.2016527061,-734.0845630176,-389.9404744728,-313.8405490996,1192.9299077762,-332.0889634909,-197.4336044367
2000,1124.3333333333,903.7921898625,1067.7755218006,-754.7576697806,1110.1038366122,1115.219520386,-455.8103979294,-1053.1326793404,1120.7703135363,-668.7937813616,-352.1091868836,-833.3464491745,-178.3112906781,-142.8666013955,1027.7948849765,-393.7473862132,-89.4390783721
2001,983.1666666667,983.1263032218,983.1565757537,-494.1528654062,983.1641439352,983.1650521183,-490.2968840097,-886.3540202424,983.1660359836,-8.9087798286,-4.4544356332,-849.9586107896,-2.2272235315,-1.7817793739,852.188746684,-425.433009115,-1.1136124801
2002,768.5833333333,626.0070743036,732.0720402174,-239.7896264308,759.4006548549,762.7021949127,-450.7893243505,-660.3170767114,766.284224985,445.9097253925,234.0744928642,-730.2200184423,118.4524617037,94.8983780317,622.5024701391,-393.3213679436,59.4039293054
2003,1198.5833333333,381.4205425947,973.079213705,-129.1390049553,1140.81517664,1161.5036265515,-800.5679696071,-970.6494526253,1184.0532217934,1136.2747804256,699.7991503279,-1191.6061112396,367.6176542173,295.8231438749,892.0162178927,-703.1654478589,186.0644375076
2004,798.75,-239.2055687784,472.7240814885,80.8392261039,712.5973346108,743.246557687,-592.693805582,-602.267250803,776.9133425037,762.0907153124,643.8427644082,-794.6487161148,360.8415181288,292.5510502228,535.4583226776,-524.6672479869,185.4918346985
2005,723.25,-580.6965590993,227.0482064799,221.1254425253,586.2180387179,634.5076920833,-584.3883720637,-500.5823773618,688.1397964813,431.1404281093,686.687464888,-688.6175289433,423.6023767423,347.1174890251,426.1229788415,-522.0228404723,222.6076885434
2006,1006.25,-1006.192891011,5.3603134312,500.0270407176,713.4188383727,815.3317927672,-870.543299389,-628.5832807283,930.1657832377,10.720474751,1006.2357226515,-873.2193430354,709.6285109513,589.7229266384,504.6716025189,-785.7621279299,383.8367858788
2007,1325.4166666667,-1080.7682199731,-402.6543981642,883.2683425835,781.9988778906,968.1759540423,-1209.8404693754,-731.9010636375,1181.7791008367,-767.2479357901,1262.7742379052,-988.2137295483,1070.1434928343,905.1876392727,541.3089496206,-1105.0113905857,600.1062381808
2008,1167,-373.1314344503,-680.6043696585,941.5344472115,532.7399462254,745.9024732228,-1109.2023485135,-554.6616386243,995.8906860808,-1105.7404454143,947.9803225815,-689.4939337761,1038.3049406103,897.5068247317,362.7108353111,-1026.7616406151,608.35083741
2009,825.3333333333,245.912155257,-664.8814217274,752.674777643,257.3191705309,443.852567137,-806.9642787196,-325.6348961582,668.4119986415,-787.8466367307,488.9865091726,-338.6086091805,784.1951004618,695.8232604311,173.1582050656,-758.377890972,484.1492653956
2010,792.25,635.3436037513,-752.0010081682,774.2763822921,126.2680952948,339.0328281947,-787.743780163,-246.1023011808,603.1981270683,-473.2848694733,249.3081350739,-167.7979330167,782.1230277972,716.0424595695,84.3789032552,-753.0562527816,513.6264031388
2011,1037,1036.9222349335,-1036.9805585511,1036.9913593411,3.1749631876,322.8653188277,-1036.997839833,-232.5226344946,734.3913932044,-12.6995551337,6.3498966133,-4.233279106,1036.9951396264,985.457754497,2.1166439622,-1010.5949853664,732.1463525739
,,-3.5050385677,-3.3415830181,-28.1256386015,166.9873193938,47.1347963305,-117.2059700687,-14.4331343607,18.5063404177,-48.1295760915,-18.3709626268,-108.4945023365,-8.4132550686,-142.8381738651,219.454943083,3.1206599923,-270.1393995615
,,,,,,,,,,,,,,,,,
,,,,,,,,,,,,,,,,,
u,R^2,,,,,,,,,,,,,,,,
10,2328.741390111,,,,,,,,,,,,,,,,
20,348.6584449016,,,,,,,,,,,,,,,,
30,12562.1085839811,,,,,,,,,,,,,,,,
40,27955.5476991742,,,,,,,,,,,,,,,,
50,22624.4329382448,,,,,,,,,,,,,,,,
60,61897.7114633164,,,,,,,,,,,,,,,,
70,218.0538862611,,,,,,,,,,,,,,,,
80,73317.7798311055,,,,,,,,,,,,,,,,
