Year,annual_Mean_coastalap,Cos 10,Cos 20,Cos 30,Cos 40,Cos 50,Cos 60,Cos 70,Cos 80,Sin 10,Sin 20,Sin 30,Sin 40,Sin 50,Sin 60,Sin 70,Sin 80
1871,665.5833333333,665.2351423199,-665.496279887,-338.9873750214,5.3824401057,-540.9879442619,329.679258209,-145.1060552527,-472.5376366164,21.5262405838,-10.7645282137,572.7903047252,-665.5615696159,387.7282782754,578.1978556842,-649.5732494031,468.7316456055
1872,957.75,756.4109239054,-906.018108227,-648.422024347,157.3947574502,-842.2211188522,384.8758687432,-124.2179829957,-730.7632624345,587.4755966818,-310.5096617898,704.8644840264,-944.7285074704,456.0138698103,877.0151812592,-949.6604420531,619.0881332864
1873,796.25,221.9214207805,-636.6784878557,-649.0907945308,252.0504081973,-742.1786164111,242.0490831989,-32.1198301005,-646.0298754807,764.6992516661,-478.1783826165,461.188901596,-755.3043454314,288.4180366103,758.5685887397,-795.6018973169,465.4669295304
1874,915.5,-310.0939262223,-526.4262818968,-840.2014557694,422.0171731834,-888.1498347187,185.6553490249,45.1748119279,-782.4630892411,861.3837744699,-749.0097594346,363.595604653,-812.4295388145,222.1038520357,896.4777417083,-914.3847583853,475.2807212325
1875,687,-568.0720674831,-202.1181456959,-673.4307901797,408.1138529301,-682.1047432175,68.2716893981,95.2393708187,-613.3283039951,386.345863373,-656.595198871,135.8674752763,-552.6410073877,81.8664722594,683.5992805926,-680.3664176354,309.5115369716
1876,484.6666666667,-484.4374703307,7.4526446366,-484.6411986228,345.3359423892,-484.6574981195,-2.4843019082,109.92345391,-448.4833318284,-14.9035270106,-484.6093641953,-4.9685385439,-340.0659710585,-2.9811565458,484.6602996139,-472.036663892,183.7511329214
1877,769.5,-608.4859789618,248.8978597627,-751.0227179582,625.962120694,-762.8310412268,-84.3156822043,240.96838997,-732.7373683231,-471.0361593412,-728.1346753215,-167.6160109019,-447.5507495875,-101.0893295104,764.8667307018,-730.7971572436,235.002551184
1878,1216,-340.7686937742,729.4797010098,-1105.8500340521,1087.5898391462,-1175.9541990965,-258.7879040766,482.7248769327,-1183.4621338264,-1167.2757589119,-972.8902126215,-505.7189952801,-543.8789771503,-309.4959153645,1188.1434343983,-1116.0791608082,279.4161373277
1879,871.75,293.9684284641,712.8166103612,-700.1361157647,831.0673686839,-808.6056731038,-273.4999118666,416.3592127059,-861.5193094615,-820.6891162714,-501.8371673095,-519.3818266958,-263.2016170331,-325.7375138427,827.7353808488,-765.8936404586,133.1635908381
1880,786.0833333333,649.2980047599,751.1089624192,-520.2264800305,777.2905646601,-686.6052495189,-323.2534929693,435.8100429782,-783.8820590436,-443.101690314,-231.8670600107,-589.3143612873,-117.2449787186,-382.7534954477,716.5432200695,-654.2145010497,58.7871112908
1881,683,682.7095964012,682.9273952413,-335.7341775242,682.9818485691,-550.2077423282,-344.3708442588,428.0644579899,-682.9954621272,19.9149938916,9.9585555673,-594.786988797,4.9794101166,-404.673251256,589.8285527376,-532.2121943415,-2.4897216001
1882,942.25,746.0065753704,891.8407251698,-282.5420015321,929.5622587517,-683.1383573505,-557.4988168402,653.954547318,-939.0727077306,575.5946942112,304.0644395989,-898.8910278061,154.1073314427,-648.9661371878,759.6249941397,-678.3645867394,-77.3143718567
1883,811.0833333333,228.5356202748,649.3141020681,-77.1077234548,769.579112209,-513.4302142216,-545.5801427131,612.9732475853,-800.6400455902,778.2208194829,486.052847401,-807.4097922336,256.1330975542,-627.8897902781,600.1653784485,-531.149669449,-129.7370070892
1884,784.75,-263.453634858,452.2650343246,89.362949764,696.6877163357,-416.7455369685,-585.6450022528,636.7296026807,-762.4166340966,739.2054821091,641.3180967565,-779.6453204564,361.190792251,-664.9479076716,522.3528441929,-458.7024913494,-185.885552297
1885,784.3333333333,-647.1475621736,231.9475944902,249.2960964193,631.3093567035,-329.9893541207,-636.6749626258,674.9073628011,-745.0958830532,443.1464888166,749.2523548097,-743.6600258773,465.4323516004,-711.5376335407,458.0652461638,-399.5983351,-244.9712285861
1886,1170.1666666667,-1169.7219831382,-16.1300006551,594.3714513768,821.7101796491,-355.4595091893,-1016.0717710372,1056.2752024106,-1079.5433964561,-32.2569363254,1170.0554905032,-1007.9745064068,833.1160834115,-1114.8715464594,580.4206955986,-503.5600505901,-451.5263923027
1887,864.8333333333,-685.5540963096,-278.4301170425,584.500552058,503.5578657027,-157.4211864068,-791.6540454061,810.8639956351,-769.2302392542,-527.2117937579,818.787740729,-637.4133659473,703.1117765571,-850.3853623591,348.1674408047,-300.7262459898,-395.2486982411
1888,609.1666666667,-172.5730545665,-364.6630467782,496.0207633716,272.8950852575,-34.974546735,-580.1910645634,587.8332244164,-518.3254851992,-584.2110651258,487.9599267279,-353.6204604969,544.6212447381,-608.1618278538,185.6403953309,-159.8002755004,-320.0354967357
1889,853.1666666667,285.1419473616,-696.8382042729,782.4543015736,258.2384878031,58.1022731638,-835.3015292108,840.0290508762,-688.5542211602,-804.1066042298,492.2498127749,-340.0862053365,813.1458937536,-851.1859297265,173.6799251765,-149.1460854171,-503.7722160199
1890,631.8333333333,520.7517403795,-603.4242574981,619.1539432879,94.7359516812,121.656122467,-628.6554942674,629.4980746237,-479.0984727842,-357.8141780349,187.3299937916,-125.9434620065,624.6906919189,-620.0106039233,63.2900516553,-54.2727846729,-411.9199127099
1891,442.9166666667,442.7672346389,-442.8793070841,442.9000622781,-2.8763850386,139.0554192362,-442.9125155501,442.9136168655,-312.1707663586,11.5043270713,-5.7526487659,3.835159084,442.9073266726,-420.5220136832,-1.9175975142,1.6436563745,-314.2046884473
1892,1015.25,805.7741960085,-961.4558791223,991.2227063796,-165.2490260502,436.9808085368,-1009.2253007015,1010.8225273591,-656.8727003014,617.6248922663,-326.0907159077,219.5680050863,1001.7111968474,-916.3952943302,-110.4393721645,94.7120936485,-774.1129233508
1893,1118.3333333333,318.5244915295,-896.3498203282,1017.7698444783,-352.3148890155,604.0106360706,-1092.903332227,1099.6311880457,-654.4707633763,1072.012869671,-668.7499114332,463.4802995976,1061.3876122428,-941.1910517838,-237.1323488085,203.6680994208,-906.8282441179
1894,877.0833333333,-291.8183448455,-506.619268774,705.2508842161,-403.0681435092,562.4488506318,-833.018298111,844.6363032821,-455.9335602594,827.113793394,-715.9693360179,521.4368263974,778.980901755,-672.9981159216,-274.5099062388,236.3571212996,-749.2661491355
1895,814.25,-670.3627756658,-242.033233683,539.838576134,-482.6631858624,596.3092827484,-742.4845530774,761.3148345456,-367.419762269,462.1869875944,-777.4464459324,609.5714676866,655.7738264929,-554.4531556481,-334.2450462482,288.7954037045,-726.6400627506
1896,602.0833333333,-601.9043447622,7.3405052799,296.7936213877,-428.3246059737,488.8157484453,-520.1917113694,541.5450484455,-228.7107712422,-14.6799194189,-602.0385845276,523.8491066913,423.1339884661,-351.5160086676,-303.15824861,263.1222164355,-556.9521733466
1897,684.1666666667,-543.6652404841,219.2332005118,206.1926684744,-555.9118976037,601.119283433,-551.8850326196,586.1121694097,-209.4607813338,-415.3458005894,-648.0901415476,652.356199668,398.8057044232,-326.7103225533,-404.359912143,352.9257041471,-651.3142166887
1898,836.6666666667,-239.5770176641,499.7824558407,80.8662523564,-747.7173371328,779.3670315023,-619.5438680659,675.2053144875,-192.9001542812,-801.6320625564,-670.9907659164,832.7495183673,375.4063063698,-304.2994270756,-562.2957466078,494.0737742473,-814.1256915179
1899,496.6666666667,164.5020418517,405.2039354227,-55.7716838614,-473.2489121511,481.6364504617,-330.8911010136,372.9296959618,-76.2588292464,-468.6329651278,-287.2064562222,493.5253763051,150.7091401528,-121.2604938323,-370.390141672,328.0262484126,-490.7773107426
1900,593.75,488.2902447874,566.7721743975,-187.8233785631,-586.9667967818,589.4057665435,-347.1447331288,408.8993647758,-44.8749758263,-337.8042322788,-176.941698954,563.2596567882,89.4932510067,-71.6931298327,-481.694505637,430.5117559207,-592.051770578
1901,764.8333333333,764.6346922808,764.7836714579,-387.4377102524,-764.8209177637,764.825387361,-379.8978496822,474.916297472,2.1789724075,17.4302936968,8.7157127738,659.4407088223,-4.3579271293,3.4863484948,-663.8129643089,599.520256683,-764.8302294346
1902,895.75,712.6626967283,848.7448595115,-604.343449094,-883.9206045815,888.1731702454,-361.2668113556,491.0634041149,72.7879830265,542.6600622784,286.356815796,661.1634125065,-145.0945460598,116.2604066578,-819.667221202,749.1493813914,-892.7877530673
1903,1116.4166666667,321.3858042652,895.8757285257,-908.0214254648,-1059.8482835292,1080.1015671679,-341.0688497443,525.9207399437,177.6990232684,1069.1573029391,666.1777935729,649.5254148284,-350.8671964026,282.4301297891,-1063.0419621752,984.78096494,-1102.1838461621
1904,618.8333333333,-204.0349114753,358.2534647842,-567.1494491929,-549.842650326,574.3763142771,-126.4589069663,241.4407441107,146.1056712355,584.2297915578,504.5880987643,247.5806873014,-283.9502673478,230.31835368,-605.7745779523,569.7903662995,-601.3383633839
1905,613.4166666667,-503.9073234084,183.2687320717,-600.9113552908,-494.317763021,536.2643961911,-61.9312781227,187.7619695779,191.1246353535,349.7962497796,585.3995035779,123.2296637464,-363.2216349647,297.8262989097,-610.282331167,583.9738433566,-582.8819612113
1906,804,-803.8193492317,-8.5218313079,-803.9799270242,-565.4929034163,648.4401830647,2.8406577166,176.5322064698,309.6447203274,-17.0427052036,803.9548360394,-5.6812799726,-571.5188327481,475.3328612531,-803.9949817404,784.380252224,-741.9812310115
1907,626.1666666667,-498.784522275,-199.7028451808,-611.562470861,-365.4021274937,454.66183874,67.6190084482,82.2011233982,285.728946975,-378.5481406418,593.4673268775,-134.4471594305,-508.493834444,430.5430371496,-622.5049109372,620.7476699566,-557.174715242
1908,666.75,-192.955783642,-397.4306818533,-607.2334010488,-299.6403305417,422.8861623381,140.8593134137,27.9569485373,349.8359416293,-638.2191066234,535.3544766056,-275.3600536584,-595.6267579725,515.4831289217,-651.7010175875,666.1636221894,-567.6005430268
1909,658.8333333333,216.2323763398,-536.8996453666,-530.3821470942,-200.4170378096,350.7655025424,205.7035770235,-31.4616895765,388.6000103154,-622.3382685755,381.8378345794,-390.8402987856,-627.6100477739,557.6960851012,-625.8972755259,658.0816994873,-532.0257447661
1910,874.4166666667,717.5176125635,-834.2702997221,-580.7702359029,-132.4851923092,369.1526678479,358.3080610083,-119.8417474888,569.5424684353,-499.7729310453,261.9113856747,-653.6898653289,-864.3218039384,792.6732080531,-797.6339012109,866.1653782641,-663.4952023889
1911,689.75,689.6174314947,-689.7168570774,-340.9637745211,3.3808527672,210.5705238309,346.8250993109,-155.3666959336,488.920753137,13.5225988151,-6.7616243079,-599.5821603119,-689.7417142196,656.8219827271,-596.210879629,672.0239968146,-486.5301220396
1912,719.3333333333,573.6900096177,-681.9511681062,-217.8832285539,115.9530886179,132.0629088953,424.6821019135,-224.1704207971,548.1101012526,433.9587737438,-228.873433939,-685.5416421774,-709.9262818662,707.1066627734,-580.5906964108,683.5115704098,-465.8495050435
1913,663.5,193.0265051277,-533.0597228042,-65.1808898,208.0229842102,39.1489613072,445.5248195206,-262.4244742161,537.7060070445,634.8015582197,-395.0690850015,-660.2906190496,-630.0465760881,662.3440260383,-491.6705046992,609.3977726677,-388.7216227434
1914,682.5833333333,-223.0000612403,-396.0453773303,75.5682948481,312.7187499456,-45.4005702197,508.6755673001,-325.0552128587,582.8278535203,645.12865355,-555.9389049524,-678.3873817799,-606.7346952144,681.0717988348,-455.1584055868,600.2158907741,-355.2910076337
1915,1132.5833333333,-928.328556811,-340.0996586612,356.5631052882,669.9081287282,-216.3025153697,918.308890645,-626.4100308744,1010.3147500672,648.807442585,-1080.3134865042,-1074.9919808499,-913.2185423042,1111.7365824642,-662.9131076594,943.5864985068,-511.8682572119
1916,953.9166666667,-953.7619014541,8.5916562925,481.9101673924,677.5517438086,-298.0430455668,827.5443031815,-596.6745758138,882.1238314128,-17.1826156078,-953.8779745789,-823.2372668364,-671.4764637769,906.1607748815,-474.4759564155,744.2690760215,-363.0627397547
1917,1100.6666666667,-878.8712568868,349.3728769985,741.3015236196,893.3113094159,-472.1626962094,1006.8249570081,-762.6382587698,1047.5459637509,-662.6103115175,-1043.7459958865,-813.5964369332,-643.0101209007,994.248208155,-444.7140846172,793.6308949201,-337.8084737545
1918,715.3333333333,-209.1956797067,425.4745203266,581.142505986,638.7714319893,-385.3914596359,680.9597578882,-539.8637789082,695.9296930943,-684.0606298931,-575.0419204985,-417.1033031684,-321.9826632787,602.6401916711,-219.0789490447,469.3068058325,-165.4800291497
1919,919.6666666667,299.0704968221,748.6093589745,842.2706405593,875.8589645546,-588.6317035582,900.1097183711,-745.3410418067,908.6487418634,-869.6801801286,-534.2010908203,-369.2789539489,-280.4600720015,706.6112759813,-188.6511931362,538.7518066572,-141.9304114271
1920,660.9166666667,541.1205316182,630.2564629973,647.2307240674,653.2066445418,-483.2995028622,657.4862785613,-568.1721257072,658.9863422078,-379.4725425365,-198.9664070338,-133.8029525124,-100.6574378983,450.8130774623,-67.2505299717,337.6259407203,-50.4761434873
1921,770.3333333333,770.2294754956,770.3073684363,770.3217933431,770.3268420817,-624.6964510917,770.3304483303,-694.8285096739,770.3317105187,12.6490917548,6.3247590601,4.2165323592,3.1624061782,450.7413764431,2.1082740754,332.6060531451,1.5812064201
1922,744.8333333333,595.4553056044,706.50253169,727.7152388905,735.1881834372,-653.8546378383,740.5414443313,-697.9391331124,742.4181300794,447.4479561603,235.8619663279,158.7678353159,119.4781543993,356.7223107989,79.8439958423,260.1108627387,59.9334178384
1923,788.75,231.8670132457,634.4334753138,718.8611118173,749.1782051534,-734.2741482066,771.07984815,-760.7969233648,778.7942192308,753.8993637539,468.6370961642,324.600160839,246.6953169866,288.0417292259,166.0193671745,208.1216084377,124.9244835596
1924,813.75,-263.4010700445,473.2052629416,655.8630844975,723.6227764584,-788.8067281266,773.2715071402,-800.9917679481,790.8973058631,769.9408670797,662.0164964896,481.697702811,372.2353286439,199.9325090178,253.4565815777,143.5313560842,191.4954675142
1925,1003.75,-820.8938247153,302.9371931127,667.8651178691,809.8108637475,-996.2116671695,915.9376819853,-999.901549751,954.0339923154,577.6221871122,956.9446794507,749.3131834111,593.0602224535,122.7858977866,410.5754805385,87.8120339445,311.982698249
1926,632.6666666667,-632.5971124111,-4.6906640804,313.6212991915,445.7014046999,-632.6638844475,547.1219485025,-632.6652471666,584.0580164467,-9.3810703156,632.6492778638,549.4622751424,449.0182278702,-1.8762800717,317.6864563969,-1.3402010134,243.1940470807
1927,866.3333333333,-693.416200507,-273.6821843598,263.7235675233,506.6722043857,-859.183320908,699.6448962779,-862.6829053365,771.1940301173,-519.3336281417,821.9680689713,825.2171377142,702.7209415887,-111.0741442363,510.9114048019,-79.4458890349,394.7064888697
1928,795.5,-235.0619739715,-472.1379299027,79.4090291429,358.6324906937,-769.9433007383,589.9110664682,-782.4264134647,677.5368611179,-759.9777091419,640.2390375064,791.5266616423,710.0725220841,-200.0189082267,533.690156981,-143.6285400358,416.8501551236
1929,717.8333333333,231.2719953479,-583.6520546403,-78.334463878,219.4536335483,-666.6888041369,479.0895558891,-691.5848454895,580.0068222558,-679.5571783244,417.8934954729,713.5463588397,683.4652859998,-266.1028614706,534.5632721039,-192.3410926807,422.9382704144
1930,1060.3333333333,866.1962900431,-1010.634349634,-332.2138603318,162.3229636392,-927.789016168,621.3088394159,-991.9977569905,805.1159006285,-611.5641952348,320.8192468005,1006.9462392706,1047.8349265286,-513.3364581401,859.2334396667,-374.4959651366,689.9964958845
1931,942.8333333333,942.7507498184,-942.8126872285,-475.01446493,-3.1197624745,-761.2985157714,469.6143221266,-848.6884676758,665.5799269777,12.4787083174,-6.2394907907,814.4298327982,942.828171793,-556.2007410356,817.5555534017,-410.6854992309,667.7859351983
1932,760.4166666667,609.3653576823,-721.6665022763,-511.2465067551,-121.3801277774,-552.97326065,307.7930655756,-652.0579558078,492.9168463242,454.8707154799,-239.6475880053,562.9036474169,750.666618097,-521.971340162,695.3394392152,-391.2210746014,579.0220112865
1933,794.8333333333,236.0740493931,-640.0779450076,-644.9899919831,-247.9967148514,-505.1010701798,244.0291811271,-642.1917788717,466.1780626846,758.965790389,-471.2326942101,464.4867468716,755.1540618977,-613.7042746152,756.4454947557,-468.347890918,643.7686243126
1934,655.8333333333,-210.3077088519,-382.2241197184,-600.2204536004,-299.5346746169,-350.0520194997,135.0421791358,-493.1316316157,341.8132070358,621.1988640593,-532.9372227726,264.2967426791,583.4349490845,-554.5998059459,641.7795345485,-432.3639150197,559.71518883
1935,530.5,-432.8825875848,-160.9130779121,-519.3429527932,-313.1021096764,-224.7269304044,54.4004298843,-365.9529739829,240.1349420812,306.6641735937,-505.5069053503,108.2272950047,428.2491318335,-480.5497443044,527.7033667018,-384.0685756907,473.0385392245
1936,1000.4166666667,-1000.3488587591,5.8239231169,-1000.4091323791,-709.4574887532,-306.9293507707,-1.9413174525,-622.4477692987,381.4973203735,-11.6476488603,-1000.3997145462,-3.8826275949,705.3393357785,-952.1700901519,1000.414783093,-783.1936423642,924.8206861291
1937,676.9166666667,-543.096245428,212.8206680245,-661.588429955,-548.7613464923,-125.3352145408,-72.0275603529,-371.9969120643,208.2672227549,-404.0577208929,-642.5912673487,-143.2372959842,396.3296080374,-665.2121899117,673.0736989073,-565.5390976986,644.0814680901
1938,894.5833333333,-267.0610025349,529.7976115588,-815.902163653,-798.1940408253,-54.2059467367,-187.5991245225,-422.675890885,207.6394165247,-853.7902325529,-720.8285725915,-366.8555568941,403.9376356181,-892.9395587699,874.6918936152,-788.4316276902,870.1524079051
1939,899.6666666667,287.1407976391,730.6610415874,-725.957124996,-856.3736027165,58.4096440779,-279.5359407331,-352.3280505188,139.5516508929,-852.6137891463,-524.9138533298,-531.4003799196,275.7251596817,-897.7685807545,855.1372807624,-827.807378518,888.7775018779
1940,971.25,791.6348956608,925.2572493395,-647.3945292598,-959.682933557,183.9721987942,-396.5757342277,-298.7641513907,74.9483598313,-562.7084098111,-295.3397789745,-724.0213297856,149.4497559032,-953.6670239506,886.5970051392,-924.1572075918,968.3539156004
1941,794.3333333333,794.2932155943,794.3233038352,-394.8598408008,-794.3308259548,246.9805301522,-398.3184096308,-175.6437257475,-0.9979214151,7.9832390207,3.9916699104,-689.2395451272,-1.9958412552,-754.9609673156,687.2465998414,-774.6707210486,794.3327064884
1942,609.75,489.7868830309,578.9829938902,-186.540930721,-602.0091124828,260.6922814428,-359.2017051692,-81.0086110823,-48.5798629251,363.1857261938,191.2426607375,-580.5148953005,-96.8508698347,-551.211934646,492.7161429297,-604.344824939,607.8116973358
1943,838.6666666667,251.6426141097,676.1678971027,-85.0469734267,-797.0072942414,450.712411126,-562.1546566844,-36.4999311978,-132.1709631639,800.0236074903,496.1438830678,-834.3433286656,-261.0386000266,-707.2623984313,622.3696005959,-837.8720265055,828.1863403088
1944,1027.1666666667,-326.2833723263,599.9683146509,110.4645600389,-914.1495542242,656.1792009808,-764.3745400755,47.4168309919,-240.9226127451,973.9663865116,833.7322007253,-1021.2095485681,-468.4036225552,-790.2532615,686.1508023719,-1026.0716374844,998.5127218915
1945,682.0833333333,-555.3142868126,207.9267344695,212.6721615698,-550.9360370075,498.0361462444,-552.4028468798,92.4056270812,-211.486861336,396.0602434894,649.61846241,-648.0804157697,-402.1282839313,-466.0447088479,400.1109450767,-675.7949938367,648.4681804787
1946,897.8333333333,-897.8012209015,-3.7968152237,451.1069785545,-633.5202392884,727.2540726295,-778.1785067354,200.8441749739,-344.4627020956,-7.5935625476,897.8253051895,-776.2777778243,-636.2049990816,-526.5037590446,447.8201716085,-875.0807458877,829.126131122
1947,794,-638.5396709784,-248.4305750538,532.8886125846,-465.3934482818,696.4092525656,-725.7925180078,246.2373622726,-361.1880410979,-471.9142809736,754.134105699,-588.6133931348,-643.307809914,-381.379277021,321.9646266345,-754.8530727374,707.0920724827
1948,745.4166666667,-224.7950803848,-440.4997204545,604.1948996293,-337.1128695672,693.499250118,-709.2330206086,293.7330184917,-390.1002790445,-710.7131480276,601.3368467207,-436.5713346137,-664.8314975365,-273.3217829413,229.4221641928,-685.1035839873,635.191135985
1949,1020,322.4660750931,-827.4404500008,932.850929454,-313.3773611791,988.3343173007,-997.9749365698,484.3084004074,-600.3145390532,-967.6857084891,596.4413648486,-412.5398688815,-970.6671053973,-252.1810406153,210.8222615818,-897.688906746,824.6347398705
1950,705.4166666667,573.6578947241,-671.6697527485,690.3508357321,-109.1000355785,699.9805472451,-701.6400996892,389.2158733911,-458.6129578305,-410.523194755,215.5746201526,-145.011714062,-696.9288743107,-87.4065620515,72.8961186843,-588.32276644,535.9914444477
1951,685.3333333333,685.3171836546,-685.3292959017,685.3315389183,1.1762198859,685.3326873437,-685.3328847294,427.8236278797,-485.0195256239,4.704844897,-2.3524363072,1.5682925824,-685.3323239747,0.940976075,-0.7841468045,-535.3958546773,484.1878122602
1952,694.25,558.9765738385,-659.5652162172,678.7623720471,109.7267313401,688.6611142361,-690.3672353515,480.2393299829,-528.2806288957,411.7380871377,-216.6951500526,145.8242256724,-685.523965248,87.9143460369,-73.3221852725,-501.3514220959,450.4471552064
1953,726.4166666667,220.1680460164,-586.3509664463,662.9998372673,225.5505032897,703.3693834071,-710.3855662242,547.4686781119,-588.015653863,692.2479361648,-428.8049880292,296.8373113251,-690.5129572115,181.5287417921,-151.7679838156,-477.4507514892,426.519359963
1954,805.9166666667,-253.5670451835,-471.7773658095,651.0658920546,366.9389809963,748.9711991202,-766.2266398123,652.3999568397,-687.467786171,764.9872072186,-653.3971156357,474.9893449482,-717.5356840162,297.563130276,-249.7967374749,-473.1553338246,420.582591875
1955,897,-728.6246920926,-274.8023391394,598.9667954843,528.2571825314,785.5633914855,-819.1099485263,770.3957857036,-799.5172583286,523.1778455487,-853.8692372978,667.7183372556,-724.9505839049,433.0117295845,-365.6061982862,-459.4554748505,406.6708172892
1956,1132.25,-1132.2342625026,2.9848602557,564.4008147117,801.6762658719,915.3071991856,-980.0594076272,1020.4917352306,-1046.3479379569,-5.9696997676,-1132.2460656188,981.5507031492,-799.5656491107,666.4854039054,-566.9864372464,-490.4963616847,432.6038086209
1957,747.4166666667,-602.4890177265,232.724451099,229.7903311544,605.2164105109,544.3361080904,-604.3098530368,699.9432301491,-710.9783772265,-442.3105889871,-710.2612219964,711.2159146976,-438.5712827574,512.1814864285,-439.8195938493,-262.1281140581,230.5242302396
1958,963.9166666667,-293.6140070649,568.3818722044,99.2753922134,859.3625835254,613.7347936427,-715.831176124,929.3494759962,-937.4137979696,-918.1100996793,-778.5097222432,958.7907679878,-436.613433502,743.2798553372,-645.5393617486,-255.8219922983,224.4787554625
1959,762.75,238.832031861,618.043968825,-80.8205500781,725.67230887,408.1457151834,-509.9714148498,750.576141105,-753.4235581964,-724.3941075527,-447.0002406028,758.4560641099,-234.9196940219,644.3637464022,-567.2007744494,-135.7314219478,118.9138530816
1960,725.3333333333,588.50694439,690.2797071147,-225.0595190725,716.5163380336,308.3069932054,-425.9491009951,722.4503745172,-723.1257249947,-423.9905905196,-222.76079186,689.5336520571,-112.7509723918,656.5479741687,-587.090970639,-64.6057335256,56.547593188
1961,892.4166666667,892.4106246222,892.4151561543,-447.1559801329,892.4162890385,275.1472049346,-445.7342580923,892.4165433595,-892.4165722597,3.2839010144,1.6419532864,772.3076047637,0.8209769906,848.9414129145,-773.1290177631,0.4691297535,-0.4104885387
1962,1098.4166666667,886.4625922602,1044.0843977683,-735.8983286686,1084.7485601573,205.0973785797,-446.2040925571,1093.9473587933,-1094.9943084854,648.6164090852,341.1846185689,815.4586583475,172.7418155743,1079.0988086876,-1003.7036820678,98.986614248,-86.6408563893
1963,815.1666666667,249.5402537773,658.7539720242,-659.9693150513,775.0777296417,50.6896412932,-251.5071647009,802.0032585463,-805.0820528754,776.0324453199,480.1457057882,478.4738212642,252.490014571,813.5891190952,-775.3972146897,145.9022540117,-127.8263767086
1964,797.5,-248.5063538561,467.8794891849,-728.8467539528,710.330958999,-50.5090844677,-165.4553772512,768.6777548548,-775.4015700918,757.7934033054,645.8289507293,323.7107648079,362.5412785981,795.8989146784,-780.1479142693,212.4635479122,-186.4367321617
1965,610.0833333333,-494.4290240122,187.828068383,-596.85307137,493.3520283042,-114.6065363342,-63.5277983227,571.1075857242,-580.1670119654,357.4095883232,580.4500756642,126.3648875571,358.8947614263,599.2220084748,-606.7667529219,214.5642074983,-188.7005878058
1966,908.25,-908.2480217641,-0.9478219223,-908.2497801959,641.8945408862,-281.0252336299,0.3159406918,818.1874394445,-839.0228778943,-1.8956428125,908.2495054409,-0.6318813453,642.5647522861,863.679848418,-908.249945049,394.31887659,-347.7911339727
1967,668.6666666667,-540.2667307586,-207.1916469647,-653.9726225861,392.7931791503,-284.918413233,70.0907179135,573.9294236324,-595.7192362611,-393.98854139,635.7568187123,-139.4091819754,541.1364241336,604.9269451032,-664.9830090863,343.1036691732,-303.7000208423
1968,582.25,-179.1219716693,-342.5794028365,-531.7973102752,264.1478801718,-312.1277127822,121.1942213809,470.9792389163,-496.3945838393,-554.0129797805,470.8018853533,-237.0794872696,518.8843415452,491.5194334036,-569.4971669849,342.33553571,-304.3147706487
1969,1098.0833333333,340.5079128238,-888.7331069799,-888.1245672024,339.0309678984,-700.1361191048,339.5233583831,826.8184276016,-888.2767762014,-1043.9546772963,644.934470704,-645.7722199629,1044.4352587644,845.9293242755,-1044.2752970633,722.6052136007,-645.5628364502
1970,724.3333333333,586.343926249,-688.9728689714,-484.527706693,113.1652840306,-528.0968940659,294.7025694632,500.4989015407,-550.7395778302,-425.2758844898,223.5512549708,-538.415898005,715.438604122,495.7544233345,-661.6714995596,523.6025471045,-470.4728421377
1971,755.0833333333,755.0832410183,-755.0833102546,-377.433876637,-0.0933444626,-610.9191390474,377.5955578352,470.7450540609,-533.8915420897,0.3733778361,-0.1866889238,-653.9835693995,755.0833275636,443.7664316094,-653.8902315992,590.3811771686,-533.9575465923
1972,753.4166666667,609.4489566063,-716.5213447627,-232.7765270954,-117.8930668965,-660.2368304098,442.8650801817,415.0391620012,-489.2923830016,442.9544478868,-232.8815924685,-716.555484275,744.1356720309,362.9380131393,-609.5139000604,628.7918317031,-572.9132897287
1973,646.25,199.7898605708,-522.8543104412,-67.5820642669,-199.6803249914,-600.8612699897,432.414242057,306.249214165,-379.8655370485,614.5917947004,-379.8189470696,-642.7065637516,614.6273914424,237.9176259262,-480.2676189025,569.0786249046,-522.8204627431
1974,696.1666666667,-214.8220122612,-409.326338986,72.6628148231,-315.9815459699,-674.2793415663,517.3168552077,273.6530934451,-363.7802964646,662.192970988,-563.1163076933,-692.3641694367,620.3254713328,173.1917934395,-465.8661815327,640.1265595379,-593.5586943866
1975,882.6666666667,-713.6876265284,-273.0862190732,272.5408315353,-518.679256257,-875.6893158557,714.0249126418,272.8524956584,-400.7989235608,519.3750246062,-839.359494732,-839.5367410605,714.1934426843,110.7640128408,-518.9112338072,839.4355008322,-786.4227026968
1976,991.9166666667,-991.9160685545,-0.5446455279,495.643848854,-701.1984136586,-991.9166427422,858.9342431235,220.8739318293,-379.7158677636,1.0892908915,-991.9165171386,-859.2065227315,701.5835362192,0.2178582203,-496.1155506543,967.0126058379,-916.3593909486
1977,791.0833333333,-640.6579647994,243.9251954573,529.0603907478,-639.8351338368,-784.8734663209,722.6145922015,106.3483520307,-244.5914244391,-464.0799633865,-752.5379321329,-588.1393909776,465.2137592395,-98.9266503177,-321.9332095562,783.9023333924,-752.321656852
1978,937.5,-291.2501527038,550.3904213557,758.1345734169,-835.1339024435,-908.1275714994,891.5316630884,42.292939946,-219.0527521617,-891.1114400287,-758.9312446328,-551.48727872,425.9784208027,-232.8316213116,-289.9612796751,936.5455446644,-911.549308469
1979,817.3333333333,250.9729087791,660.7428780874,746.4433954918,-777.2004107054,-760.0608376165,799.4144251762,-36.4299602848,-128.0663410657,-777.8472708936,-481.0952367614,-332.9504994805,252.9689691981,-300.5682965642,-170.2067995054,816.5210565389,-807.237753121
1980,844.4166666667,681.9680599279,802.7778967068,825.8250485939,-833.942007143,-740.1608924232,839.7558995708,-113.0652185925,-66.5017935077,-497.9548897066,-261.8914956686,-176.2171843477,132.5904810566,-406.4497020196,-88.5976076455,836.8128603751,-841.7939287051
1981,800.5,800.4971019834,800.4992754955,800.499677998,-800.4998188739,-647.8712284021,800.4999194995,-177.8279948626,-0.2692503271,-2.1540000579,-1.0770010037,-0.7180007895,0.5385006237,-470.1735013893,-0.3590004308,780.4982089942,-800.4999547185
1982,687.9166666667,557.7505755419,654.5667487109,673.0271702278,-679.5280406878,-501.7530050716,684.1841666529,-212.2966551367,53.7153405525,402.6706293741,211.5932696468,142.3508637593,-107.1026712873,-470.6094582342,71.5637225087,654.3389568837,-685.8163037338
1983,923.25,288.2204455319,747.8268813159,843.846886518,-878.2999859601,-588.9750436021,903.1811004659,-362.4567166788,144.0487772638,877.1086234198,541.4291441005,374.583761813,-284.5693187302,-710.9845008957,191.4535511845,849.1264281804,-911.9432615403
1984,587.75,-179.5852505102,346.3371417511,475.9192968948,-523.9321127609,-315.2940242551,559.0937440403,-278.2466579594,136.9470029332,559.6420287105,474.8690837943,344.8925707277,-266.3554086515,-496.0239316495,181.2849907605,517.7150372883,-571.5729007639
1985,838,-675.997928356,260.5357327102,561.5540216295,-678.4441554067,-357.4042139974,765.776165118,-461.2554574718,258.5612091644,495.2482214591,796.4704212845,622.0137303884,-491.8917848414,-757.9618907418,340.3393379221,699.6337634452,-797.1136061537
1986,896.6666666667,-896.6584405878,1.9204232231,449.4416336641,-634.7176894499,-277.8157094868,776.8559849258,-558.633432408,342.6958682547,3.8408376371,896.6646101446,775.8951791579,-633.3597443875,-852.5429858215,447.7788402729,701.3842023507,-828.5955907391
1987,915.25,-742.920697729,-280.8241388339,284.1627496772,-538.8219879665,-172.3281514191,740.8652101233,-632.0600382941,415.0456228017,-534.5571993584,871.1029592122,870.0195941448,-739.8333783926,-898.880175957,537.4023659503,661.9536769984,-815.7326115175
1988,790.75,-248.0526946534,-463.2158752692,83.94563706,-359.8594233384,-50.4282264441,588.0754947306,-595.125402766,412.750968197,-750.836482315,640.8717620543,786.2815605867,-704.1212664979,-789.1403908543,528.6329302998,520.6835099008,-674.4792070571
1989,764.8333333333,232.5323755891,-617.5834112521,-78.6183775985,-237.2990188965,47.2244348599,512.2694954698,-618.4265250697,449.1524396897,-728.627972343,451.1770804507,760.7819519951,-727.0895429096,-763.3740109081,567.9348481902,450.0207338201,-619.0574397409
1990,1250.9166666667,1007.9108968446,-1188.613698037,-384.3499023744,-197.4029151782,233.0324746562,736.2074463875,-1073.3381760088,811.7443902792,-740.883345046,389.8589280539,1190.4065101844,-1235.2427275737,-1229.0192727131,1011.331351649,642.4466256947,-951.7686440489
1991,968.3333333333,968.3166156443,-968.329153902,-482.5231626213,-1.4225123202,298.1489377477,484.987722511,-872.0851910579,684.2119475527,-5.6900185824,2.8450215706,839.5479986149,-968.3322884749,-921.2907550629,838.1266929635,420.8763048472,-685.217815932
1992,845.3333333333,686.953859335,-804.7650092425,-564.3400287534,130.9460893486,358.9775170061,344.6251636234,-791.1673780319,642.3712083525,492.6285005855,-258.7309883707,629.3717314839,-835.1296702481,-765.3258043007,771.8950323988,297.7291124202,-549.4976570689
1993,735.6666666667,231.8856704582,-596.5718744117,-594.2266353596,226.193945729,393.3804522752,228.0928718362,-708.9729339467,594.8145889767,698.1650809663,-430.4735103411,433.7051420882,-700.0298160507,-621.6568701561,699.4133872482,196.3741922339,-432.8984282542
1994,974.25,-294.7227846031,-575.3387652507,-889.1169686724,440.8170087772,619.9840656141,203.6428930394,-958.4231680887,830.249671274,928.6019291041,-786.2241205279,398.2889384842,-868.8172576974,-751.5203396347,952.7290457494,174.8945206996,-509.7534167119
1995,998.9166666667,-803.921677223,-312.0767092173,-976.5901625769,585.7029455402,727.2002908686,105.5990460271,-994.803338648,889.6355829665,592.9118347912,-948.9165582434,210.0146692554,-809.1888324304,-684.8461461563,993.3193587274,90.5584030297,-454.29399783
1996,1097.4166666667,-1097.3860583715,-4.0981735776,-1097.413265731,774.5404883836,886.8642024567,1.3660606815,-1097.4160420048,1013.4882784813,8.1962900035,-1097.4090145662,2.7321192463,-777.4383397623,-646.3708120566,1097.4158164324,1.1709092358,-420.9095504485
1997,964.9166666667,-785.0269492232,294.6002261737,-944.3484990224,779.5283323427,844.8379056005,-99.615680901,-961.1278239228,917.3996003998,-561.0676096555,-918.844317798,-198.1668135821,-568.68247088,-466.1685176754,959.7608502798,-85.4252871965,-299.0687994382
1998,1032.5,-327.0091394984,603.4978514742,-944.3669386978,919.0124541178,959.3767726645,-213.3042261589,-1016.1201038172,1003.7272061862,-979.3473707958,-837.7628502542,-417.4054804318,-470.6084988358,-381.6444131281,1010.2264880227,-183.1834725581,-242.0494692448
1999,660.1666666667,198.7062502157,532.446838017,-535.1735994107,627.424769199,639.1487920753,-203.1209695808,-636.5870535715,651.929806898,-629.5521057887,-390.2824521594,-386.5349224477,-205.3245888185,-165.2538936502,628.1416237557,-174.8626632619,-103.9593894548
2000,780.3333333333,627.2687567353,741.0798981723,-523.8327023292,770.4574804355,774.0079742733,-316.3510647947,-730.9171664203,777.8604518199,-464.1702467143,-244.3781815874,-578.3765305418,-123.7553310043,-99.1552664889,713.3317004832,-273.2767954714,-62.0743796232
2001,852.4166666667,852.3816711015,852.4079177305,-428.4361468249,852.4144794298,852.4152668349,-425.0929671585,-768.4790026326,852.4161198573,-7.7240132961,-3.8620462869,-736.9237692632,-1.9310280983,-1.5448229543,738.8573224132,-368.8552509101,-0.9655146685
2002,612.6666666667,499.0137710376,583.5621424351,-191.1453251133,605.3468084673,607.9785901549,-359.3411159737,-526.3635636976,610.8339609769,355.4514042162,186.5895773108,-582.0858262592,94.4229099475,75.6470644356,496.2201193173,-313.5312476549,47.3531050909
2003,777.5833333333,247.4473394251,631.287084967,-83.7791875991,740.1061262065,753.5277994405,-519.370070528,-629.7107726098,768.1568944277,737.1605350866,453.9960975951,-773.0568465533,238.4926879999,191.915855906,578.697304398,-456.1799898471,120.7096757549
2004,711.4166666667,-213.0514283423,421.0376091463,72.0004666926,634.6837188913,661.9818323395,-527.8901427495,-536.4168513412,691.9675748518,678.7656167577,573.4466019565,-707.7638069351,321.3880062875,260.5642478614,476.9126448304,-467.301439339,165.2106200126
2005,994.5,-798.4828593491,312.2010941503,304.0570378036,806.0751323954,872.4754922597,-803.55926169,-688.3223979071,946.2219531292,592.836717255,944.2249344363,-946.8788559061,582.4715709232,477.3015455728,585.9375077192,-717.8039610781,306.0951901229
2006,1054.0833333333,-1054.0235095982,5.6151225334,523.7964420734,747.332081704,854.0895939306,-911.9256475338,-658.4637613194,974.3823596003,11.2300857246,1054.0683772934,-914.7289002116,743.3615763994,617.7561324264,528.6617888415,-823.1142986488,402.0829403379
2007,895.8333333333,-730.4783630751,-272.1493102964,596.9905490583,528.5437244466,654.3785920122,-817.7167586158,-494.683208683,798.7504139575,-518.5737384309,853.4940620861,-667.9218857368,723.2972365903,611.8055405332,365.8642696272,-746.8640332471,405.6046564252
2008,846.8333333333,-270.7627561328,-493.8804344808,683.2242968126,386.5826430693,541.2639912089,-804.8924782629,-402.4901150886,722.6678914562,-802.3803489217,687.901745078,-500.3311450323,753.4457873808,651.2756607343,263.2010503021,-745.0693938825,441.4496722194
2009,618.25,184.2106502273,-498.056872758,563.8221097873,192.7555458571,332.4860859844,-604.4899014359,-243.9302599553,500.7015971246,-590.1690425995,366.2955282262,-253.648755201,587.4337086356,521.2351342022,129.7113008261,-568.0942622295,362.6719911117
2010,1312.9166666667,1052.891393405,-1246.2160390965,1283.1307881574,209.2514822099,561.8451886197,-1305.4489593424,-407.8407231623,999.6199107984,-784.3276657781,413.1534309551,-278.0747275353,1296.1342487583,1186.6255338716,139.8327149243,-1247.9647904255,851.1816536713
2011,630.4166666667,630.3693914555,-630.4048477531,630.4114138071,1.9301347247,196.2774137682,-630.4153534504,-141.3559731559,446.4537841202,-7.7203579706,3.8602513565,-2.5735098391,630.4137119314,599.0829245235,1.2867576,-614.3644378252,445.0889711686
,,-13.9616593364,-7.8583509715,-37.4265702186,175.1889148124,31.5506461796,-97.2302128139,-28.8206193911,16.7103422051,-7.8856167285,-14.4261954999,-76.4184937053,-10.5903313597,-108.3598065844,204.4840721595,-27.7594229164,-189.7441266033
,,,,,,,,,,,,,,,,,
,,,,,,,,,,,,,,,,,
u,R^2,,,,,,,,,,,,,,,,
10,257.1108826127,,,,,,,,,,,,,,,,
20,269.8687965919,,,,,,,,,,,,,,,,
30,7240.5343385097,,,,,,,,,,,,,,,,
40,30803.3109914571,,,,,,,,,,,,,,,,
50,12737.2909573671,,,,,,,,,,,,,,,,
60,51267.4500507799,,,,,,,,,,,,,,,,
70,1601.2136627362,,,,,,,,,,,,,,,,
80,36282.0691170568,,,,,,,,,,,,,,,,
