Year,Annual_mean_orissa,Cos 10,Cos 20,Cos 30,Cos 40,Cos 50,Cos 60,Cos 70,Cos 80,Sin 10,Sin 20,Sin 30,Sin 40,Sin 50,Sin 60,Sin 70,Sin 80
1871,1028.1666666667,1027.6287950349,-1028.0321899645,-523.6542172297,8.3145794446,-835.6966641171,509.2754085117,-224.1540640676,-729.9573507668,33.2528804712,-16.6286151372,884.8236859522,-1028.1330469415,598.9472264131,893.1770556445,-1003.4349256462,724.0780071968
1872,1462.8333333333,1155.315179521,-1383.8198792148,-990.3767698065,240.3991622971,-1286.3786235387,587.8457321777,-189.7261353439,-1116.1418523254,897.2893608416,-474.2614289618,1076.5849780387,-1442.9447681314,696.4993883799,1339.5218386691,-1450.4776298442,945.5732264604
1873,989.5,275.7817844425,-791.2004568078,-806.6252322615,313.2230818352,-922.3054831256,300.7944336895,-39.9153179082,-802.8214276774,950.2918800925,-594.2323511448,573.1195204135,-938.6168286397,358.4171393732,942.6733043114,-988.694602694,578.4358263991
1874,1318.0833333333,-446.4550911213,-757.9177590353,-1209.6728951305,607.5956333736,-1278.7061656422,267.2957086771,65.040050998,-1126.544573323,1240.1699582005,-1078.3804264497,523.4836772981,-1169.6885140568,319.7721306799,1290.6961988531,-1316.4776737101,684.2813733601
1875,1349.75,-1116.0921005609,-397.1018444731,-1323.0905517395,801.8219403092,-1340.1322811613,134.1334974747,187.1169443415,-1205.0071008987,759.0543363723,-1290.0136385388,266.9390462215,-1085.7746720839,160.8431891298,1343.0686011352,-1336.7169901069,608.0978122669
1876,1064,-1063.4968399557,16.3609640165,-1063.9440894112,758.1240220813,-1063.9798720752,-5.4538457296,241.3175136732,-984.5658839038,-32.7180592971,-1063.8742025524,-10.9075481652,-746.5547315122,-6.5446022656,1063.986022261,-1036.2730613089,403.3931336212
1877,1079,-853.2246540608,349.0068754827,-1053.0909846354,877.729861246,-1069.6487244752,-118.2282275484,337.888099776,-1027.4510986622,-660.4912487709,-1020.9971600674,-235.0327170411,-627.5597905196,-141.7483905676,1072.5031870399,-1024.7305167847,329.5227455849
1878,1123.9166666667,-314.9634986933,674.2388108223,-1022.1079639022,1005.2305482843,-1086.9033911194,-239.1908211541,446.1698475324,-1093.8427767898,-1078.8821381884,-899.2167144755,-467.4227034911,-502.6929663395,-286.0588960061,1098.169579203,-1031.5624754537,258.256952038
1879,1148.75,387.3773813572,939.3152637251,-922.6055210608,1095.1403954983,-1065.5414591086,-360.4049598587,548.6580391121,-1135.2684906727,-1081.4644362682,-661.2967547425,-684.4162585797,-346.83436486,-429.2411460015,1090.7496630342,-1009.2576076591,175.4765414113
1880,1524.0833333333,1258.8795938784,1456.2739121896,-1008.631622313,1507.0356341641,-1331.2120649266,-626.7341389713,844.962353019,-1519.8154328262,-859.0996304626,-449.5512202413,-1142.5814007827,-227.3182885385,-742.0946335464,1389.256753085,-1268.4118530371,113.9783184986
1881,1232.4166666667,1231.8926575376,1232.2856574211,-605.8043864575,1232.3839139201,-992.8040875174,-621.3885329115,772.4066946331,-1232.4084784529,35.9349493243,17.9693848567,-1073.2436282722,8.9849312122,-730.199208495,1064.296543001,-960.3326186087,-4.4924954544
1882,1231.4166666667,974.948188224,1165.5373128004,-369.2511856938,1214.8351903754,-892.7863718554,-728.5893708718,854.6463558609,-1227.2642966423,752.2386836791,397.3786348239,-1174.7512795517,201.4012591075,-848.1270548531,992.7459572303,-886.5475809894,-101.0413436744
1883,1351.9166666667,380.9240077795,1082.279120297,-128.5234354883,1282.7372790884,-855.7873590175,-909.3749774206,1021.7060511226,-1334.5097564584,1297.141308381,810.1546638638,-1345.7935949251,426.923583851,-1046.5689990426,1000.3578479987,-885.3222118024,-216.24611795
1884,1274.0833333333,-427.7309783736,734.2763204617,145.085498454,1131.1095354207,-676.6085286939,-950.8257873465,1033.7643512142,-1237.8239268029,1200.1393879118,1041.2140152183,-1265.7956147878,586.4124479904,-1079.5782691294,848.0676048491,-744.7278740831,-301.7950737038
1885,1032.25,-851.7017480498,305.2629465523,328.0950644226,830.8573099752,-434.2943189007,-837.9189079948,888.2360287948,-980.6101469804,583.2188224576,986.0804206363,-978.7204356718,612.5489310747,-936.4446097184,602.8531878699,-525.905713651,-322.4031670735
1886,1341.5,-1340.9902068479,-18.4917213037,681.3980646819,942.0232496789,-407.5051402171,-1164.8428550175,1210.9327879508,-1237.6078618537,-36.9799288539,1341.3725456573,-1155.5600059918,955.0991817945,-1278.1086850095,665.4046686901,-577.2902502777,-517.637933577
1887,1089.9166666667,-863.9778402038,-350.8949220273,736.6238890313,634.6148897212,-198.3919538461,-997.6915841075,1021.9011561873,-969.431711236,-664.4250385971,1031.8871517629,-803.3079026042,886.1051190587,-1071.7084365288,438.7822276243,-378.9938881578,-498.1169516569
1888,1061.5,-300.7162201187,-635.4415718003,864.3382330817,475.5318188797,-60.9447026417,-1011.00872509,1024.3255284017,-903.2052025262,-1018.0137547978,850.2918668481,-616.1993742558,949.026732623,-1059.7490236938,323.4866423701,-278.4590847228,-557.6760817263
1889,1438.6666666667,480.8254130934,-1175.0551629778,1319.4267495962,435.4590011167,97.9759370873,-1408.5412776221,1416.5131406843,-1161.0861568774,-1355.9383097698,830.0645407058,-573.4760938591,1371.1809640322,-1435.3266156279,292.8707001609,-251.500099496,-849.4943873185
1890,1416,1167.0553379754,-1352.3324958333,1387.5842527496,212.3124889168,272.643211944,-1408.8781533358,1410.7664579275,-1073.7063109403,-801.8964011037,419.824750001,-282.2515571636,1399.9926453557,-1389.5041126175,141.839166147,-121.6305931367,-923.1526189352
1891,1286.8333333333,1286.3991791709,-1286.7247902149,1286.7850915706,-8.3569403136,404.0063563209,-1286.8212728361,1286.8244725562,-906.9691390608,33.4242368081,-16.7135281736,11.1425261666,1286.8061972676,-1221.7687554648,-5.5713152989,4.7754170714,-912.8784193796
1892,1163.9166666667,923.7665760199,-1102.2452814333,1136.3709710255,-189.4470283874,500.9694617774,-1157.0097492323,1158.8408634676,-753.0609049585,708.0659008687,-373.8413386755,251.7201286252,1148.3953284387,-1050.5863150218,-126.6114020373,108.5811222186,-887.4690306527
1893,1621.0833333333,461.718102364,-1299.3064869482,1475.3112358149,-510.6990712383,875.5453728376,-1584.2212013273,1593.9735842811,-948.6899970163,1553.9393706192,-969.388377579,671.8392152066,1538.537497836,-1364.3062243183,-343.7358853482,295.2276853974,-1314.4955166041
1894,1197.75,-398.5087952936,-691.8421615286,963.0946279182,-550.4321545518,768.083356782,-1137.5745366984,1153.4401507909,-622.6254690364,1129.511311397,-977.7318068016,712.0771026898,1063.780760183,-919.0500636714,-374.8722928619,322.7706322507,-1023.2021246104
1895,1362.8333333333,-1122.0052024602,-405.0978920941,903.5431454402,-807.8470721106,998.0597697336,-1242.7174681228,1274.2342446176,-614.9608834456,773.5754779571,-1301.2341804092,1020.2570650441,1097.5872641966,-928.0039819331,-559.4354197464,483.3650631647,-1216.1980949978
1896,1348.25,-1347.8491894682,16.4376518924,664.6123183989,-959.1506989686,1094.6089957228,-1164.8694392037,1212.6861368581,-512.1538502323,-32.8728603846,-1348.1497936432,1173.0594736553,947.5273078746,-787.1525957415,-678.8646787905,589.2116733163,-1247.1874342665
1897,1273.0833333333,-1011.6411545523,407.9446533762,383.6790982074,-1034.429483519,1118.5504619982,-1026.9363755577,1090.6255313119,-389.7603357414,-772.8669665777,-1205.9528736202,1213.8910672749,742.0894940893,-607.9358827827,-752.4246501594,656.7169284111,-1211.9521666691
1898,1034.8333333333,-296.3214547163,618.1572247638,100.0196336416,-924.8161247524,963.9621311947,-766.2844376137,835.1294417635,-238.5890553649,-991.5006925124,-829.9166664491,1029.9883983152,464.3222622012,-376.3735344048,-695.4769503361,611.0964271516,-1006.9534698475
1899,958.5,317.4668599628,781.9892055759,-107.6318637204,-913.3068771077,929.4937002031,-638.5754100433,719.704255529,-147.1693043611,-904.3987189428,-554.2699093067,952.4377312518,290.84841108,-234.01647652,-714.8032566294,633.0466290673,-947.1343335841
1900,1360,1118.4416554288,1298.2065805147,-430.2143913192,-1344.4628945233,1350.0494189461,-795.1441466193,936.5947555287,-102.7873130506,-773.7494836197,-405.2896178147,1290.1610664959,204.9866465164,-164.2150005432,-1103.3339413328,986.0985061931,-1356.1101608188
1901,1116,1115.7101546116,1115.9275363003,-565.3264126935,-1115.981883928,1115.9884057027,-554.3246897956,692.9700431189,3.1794289041,25.4332635855,12.717457558,962.217255671,-6.3588320022,5.0870755112,-968.5969947728,874.784841741,-1115.9954709728
1902,1091.4166666667,868.3359697693,1034.1437738415,-736.3555821736,-1077.0032708349,1082.184762369,-440.1815451041,598.3307659961,88.687711759,661.1981426793,348.9082906764,805.587237287,-176.7888426593,141.656204856,-998.7144474912,912.7927665907,-1087.8073496998
1903,1244.5833333333,358.2814799359,998.7238938218,-1012.2639388905,-1181.5207967834,1204.0991942712,-380.2241748847,586.2973987504,198.0991947835,1191.8985085761,742.6562175869,724.0921154334,-391.1473895852,314.8536230798,-1185.0811155547,1097.8356132999,-1228.7165591125
1904,1245.6666666667,-410.707494847,721.138269808,-1141.6307522941,-1106.7934200207,1156.1779081356,-254.5526180087,486.0027259584,294.1001311108,1176.0122440354,1015.6992863357,498.3619867736,-571.5713164982,463.614159818,-1219.3803381675,1146.9467271001,-1210.4505596369
1905,1145.1666666667,-940.7274063684,342.1381491821,-1121.8209271031,-922.8249829418,1001.1337226543,-115.617392197,350.5264211303,356.80406725,653.0226958934,1092.8623798625,230.0532589598,-678.0860898905,556.0017660125,-1139.3152825562,1090.200863389,-1088.1624658287
1906,1185.5833333333,-1185.316944602,-12.5663447364,-1185.5537336001,-833.8793052347,956.1938727675,4.1888512991,260.3154748596,456.6040045707,-25.1312776671,1185.5167342799,-8.3776503078,-842.7651776023,700.9287538399,-1185.5759333769,1156.6519328762,-1094.1300760366
1907,1222.5833333333,-973.871137383,-389.9175461335,-1194.0688062284,-713.4435204231,887.7220969063,132.0253490741,160.496763558,557.8825367407,-739.1109623843,1158.738242297,-262.5065578925,-992.8284595592,840.6304096383,-1215.4337966941,1212.0028035577,-1087.8773286286
1908,1252.9166666667,-362.5909520132,-746.8279342162,-1141.0766385163,-563.0661629415,794.6623485506,264.6943853486,52.5350232795,657.3907489559,-1199.3031206202,1006.0060687121,-517.4401208291,-1119.2661299984,968.6650222895,-1224.6375202386,1251.8147806046,-1066.6009454329
1909,1196.75,392.7793013681,-975.2612961182,-963.4224657753,-364.051237033,637.1544879853,373.6540690153,-57.1491682278,705.8796797545,-1130.4578642819,693.5964005053,-709.9490932027,-1140.0338851608,1013.0373739109,-1136.9226883163,1195.3846807915,-966.4080091812
1910,1392.4166666667,1142.5714083984,-1328.4877954882,-924.8155791196,-210.9687485271,587.8368366598,570.567939711,-190.8353910978,906.9365391295,-795.8358815245,417.0663626454,-1040.9324273117,-1376.3416584395,1262.2487976136,-1270.1481802472,1379.2773568488,-1056.5463963325
1911,1179.3333333333,1179.1066679367,-1179.2766656227,-582.979260242,5.7805760978,360.0331102156,593.0009430286,-265.6457026521,835.9558412946,23.1209156012,-11.5610133146,-1025.1645200838,-1179.3191663206,1123.0330674827,-1019.4003103189,1149.0254443543,-831.8683444611
1912,1146.25,914.1689159281,-1086.6819181303,-347.1946024976,184.7700108827,210.4408377959,676.7264031302,-357.2131763281,873.4076045794,691.508680821,-364.707377645,-1092.4033002955,-1131.2599637477,1126.7669307748,-925.1650867853,1089.1684025703,-742.3262212551
1913,1265.9166666667,368.2825470227,-1017.0447436723,-124.3610772359,396.8948948928,74.6937793541,850.0336012732,-500.6895488341,1025.9095645583,1211.1618275454,-753.7672029964,-1259.7933677446,-1202.0896178541,1263.7111403601,-938.0766939068,1162.692987264,-741.656640429
1914,1364.5,-445.7823223965,-791.7039443788,151.0627835237,625.1320732034,-90.7567985322,1016.8543204703,-649.7929502318,1165.0864697279,1289.6272217346,-1111.3348345368,-1356.1121950023,-1212.8768037408,1361.4784072912,-909.8722662775,1199.8455616574,-710.2350090336
1915,1148.4166666667,-941.3064411311,-344.8541973372,361.5478003073,679.2733369145,-219.3263898396,931.1467016393,-635.1671426298,1024.4387882184,657.8776665635,-1095.4160957631,-1090.0201963133,-925.9851910452,1127.2784815643,-672.1805265731,956.7776864044,-519.0240933439
1916,1186.9166666667,-1186.7240991012,10.6902210688,599.6196832507,843.0479153548,-370.8418885304,1029.6770778557,-742.4160027358,1097.5879908109,-21.3795749194,-1186.868523799,-1024.3180214511,-835.4887108915,1127.496105236,-590.369620619,926.0613654035,-451.7430420482
1917,1446.8333333333,-1155.2818566072,459.2528687498,974.445567314,1174.2633974923,-620.660867019,1323.4778091742,-1002.4928413659,1377.0058315144,-871.0054685468,-1372.0107495896,-1069.4776906446,-845.2408933281,1306.9455928215,-584.5794925139,1043.2328586919,-444.0513871385
1918,1113.3333333333,-325.5888025258,662.2017231551,904.4808807052,994.1736173552,-599.8170900205,1059.8348515129,-840.235331572,1083.1338187023,-1064.6609989949,-894.9860272437,-649.1728949592,-501.128655802,937.9395341014,-340.9709644964,730.4215896927,-257.550464753
1919,1433.5833333333,466.1933451278,1166.937912508,1312.9378243514,1365.2955570164,-917.5635371794,1403.097814891,-1161.843235067,1416.4085090862,-1355.6640212714,-832.716687693,-575.634817396,-437.1832746142,1101.4709841162,-294.0709020951,839.8103778473,-221.2421953407
1920,1130.8333333333,925.8612550823,1078.3734967688,1107.4165837339,1117.6414281215,-826.9290447408,1124.9639137657,-972.1467338098,1127.5305338242,-649.2803432379,-340.4330025782,-228.9378471307,-172.225625051,771.3445292098,-115.0661570691,577.6804962266,-86.365057007
1921,1072.6666666667,1072.5220476612,1072.630511306,1072.6505975674,1072.6576277884,-869.871561927,1072.6626493843,-967.528405076,1072.6644069448,17.6134908122,8.8070422568,5.8713981532,4.4035582352,627.644201382,2.9357100712,463.1442142021,2.201783756
1922,1249.0833333333,998.5768153618,1184.802690479,1220.3763387481,1232.9084450146,-1096.5123256387,1241.8858479618,-1170.4418959748,1245.0330445022,750.3689208868,395.5398314263,266.2531979805,200.3645173743,598.2222775302,133.898148767,436.205160169,100.508167373
1923,1080.5,317.632085974,869.1034802873,984.7599763152,1026.2910309582,-1005.874126323,1056.2938522042,-1042.207385985,1066.861684791,1032.758494499,641.9808334776,444.6662108229,337.9452171208,394.5852151233,227.4281156667,285.103515584,171.132683976
1924,1039.25,-336.3927029724,604.3361837322,837.6107042262,924.1474291052,-1007.3946447995,987.5544255551,-1022.9563070231,1010.0645469963,983.3008247159,845.469301354,615.1819817466,475.3862553526,255.336233483,323.6924760733,183.3056366335,244.5611853937
1925,1480.0833333333,-1210.4520731231,446.6971761623,984.8030185532,1194.1096513922,-1468.9676563386,1350.5993499162,-1474.4085865611,1406.7744074316,851.7349659858,1411.0663720817,1104.9025695778,874.4991789951,181.0544068567,605.4156172557,129.4835645403,460.0352597427
1926,1274.5833333333,-1274.4432078935,-9.4499087342,631.8279466719,897.9192551218,-1274.5777282171,1102.2431773373,-1274.5804735791,1176.6553426701,-18.899298008,1274.5483014919,1106.9580477215,904.601395584,-3.7799925838,640.0176963369,-2.6999966412,489.9437500131
1927,1265.5833333333,-1012.9772832916,-399.8087085294,385.2606598669,740.1722554834,-1255.1382353435,1022.0764755456,-1260.2506044003,1126.599051115,-758.6687005183,1200.7723223805,1205.5187255161,1026.570117344,-162.2626999343,746.3650927979,-116.0585529793,576.6071033536
1928,1309.0833333333,-386.8205058788,-776.9552420743,130.6763501788,590.1694737385,-1267.0269548814,970.7639789596,-1287.5692990903,1114.9619265975,-1250.6274704494,1053.5842279686,1302.5447651098,1168.5029592938,-329.1532609818,878.2462472255,-236.3566661872,685.9730868255
1929,1408.5833333333,453.8182653083,-1145.2833387027,-153.7134249977,430.6274399661,-1308.2239210967,940.1034087756,-1357.0766941386,1138.1304059194,-1333.4751550055,820.0201711143,1400.1711287981,1341.1439202758,-522.1658541257,1048.957857949,-377.4252948204,829.9193852815
1930,1244.8333333333,1016.9160783295,-1186.4866327281,-390.0196986511,190.5674654859,-1089.2260549762,729.4177493865,-1164.6072378123,945.207585947,-717.9775187377,376.6424008729,1182.156784205,1230.1601801701,-602.6579701113,1008.7416788542,-439.6589694444,810.0571876393
1931,1238.25,1238.1415407064,-1238.2228848797,-623.8500914261,-4.0972733435,-999.8351286767,616.7579293335,-1114.6068535615,874.1251666044,16.3886447665,-8.194501826,1069.6140079148,1238.2432212014,-730.4743513389,1073.7191062397,-539.3650197165,877.0223803352
1932,1193.5,956.419797559,-1132.6802899289,-802.4189007941,-190.5102674003,-867.9104700306,483.0917572792,-1023.4272923922,773.6498710197,713.9351657098,-376.1350964835,883.4965521429,1178.1969648641,-819.2518941151,1091.3590628427,-614.0348745688,908.7948762351
1933,1595.4166666667,473.8559106345,-1284.7863553336,-1294.6459841181,-497.787492748,-1013.856153134,489.8237232836,-1289.029315003,935.728560505,1523.4221070454,-945.8743898777,932.3336935266,1515.7710751764,-1231.8482215883,1518.363283403,-940.0839139889,1292.1944131334
1934,1201.25,-385.2078301272,-700.0966563839,-1099.3872730179,-548.6394326053,-641.1689785372,247.3485403103,-903.2391956468,626.0784471945,1137.8121506245,-976.1486742398,484.0962573976,1068.6422860296,-1015.8267093661,1175.5085121369,-791.9346677267,1025.196244852
1935,1071.4166666667,-874.2650688937,-324.9857748533,-1048.8834973394,-632.3521558451,-453.8665008182,109.8690428877,-739.0916409831,484.9850691703,619.3498711742,-1020.9397238595,218.5796939798,864.9071768747,-970.5353538363,1065.7684865984,-775.6785544542,955.365456929
1936,1627.1666666667,-1627.0563778533,9.4725466705,-1627.1544122311,-1153.9247751266,-499.2172014285,-3.1575314101,-1012.404426766,620.5011809756,-18.9447723153,-1627.1390942298,-6.3150509302,1147.2266447657,-1548.6941424662,1627.1636030549,-1273.8558151439,1504.2106386803
1937,1289.25,-1034.3767097152,405.3365203752,-1260.0559645246,-1045.1664153123,-238.712434342,-137.1831079921,-708.5023053732,396.6640653995,-769.565062161,-1223.8741225102,-272.8085936442,754.8461610177,-1266.9577483841,1281.9307147353,-1077.1211843525,1226.7123467711
1938,1176,-351.0726472075,696.4605397594,-1072.567427431,-1049.2887102121,-71.2579711549,-246.6137722647,-555.6406308495,272.9583088959,-1122.3742675163,-947.5857304529,-482.2604209493,531.0077236928,-1173.8391293303,1149.8511413785,-1036.4552519763,1143.8836311464
1939,1332,425.1258345187,1081.7790004384,-1074.8146244846,-1267.9025255484,86.4783022361,-413.866476165,-521.6387142916,206.6129666424,-1262.335939766,-777.1603400911,-786.7639563389,408.2244305625,-1329.1897920321,1266.0720911176,-1225.6088494101,1315.8780650255
1940,1521.3333333333,1239.990275005,1449.291835602,-1014.0570164022,-1503.2150694994,288.1678645377,-621.1828918112,-467.9741182143,117.3965900541,-881.4075271996,-462.6102964358,-1134.0826595079,234.0930711084,-1493.7919510289,1388.7357293712,-1447.5687672068,1516.7970041356
1941,1211.75,1211.6888006669,1211.7347000702,-602.3559531142,-1211.7461750115,376.7670886428,-607.6319759171,-267.9432874628,-1.5223222091,12.1783758498,6.0892648098,-1051.4301537658,-3.0446420156,-1151.6877282561,1048.3899295315,-1181.7548211045,1211.7490437525
1942,1279.75,1027.9700919373,1215.1758695055,-391.5141551294,-1263.5033402211,547.1438248076,-753.8964857569,-170.021763071,-101.9599501081,762.2581928602,401.3821977513,-1218.3910410182,-203.271669817,-1156.8896652122,1034.1180548001,-1268.4055591893,1275.68186907
1943,1448.6666666667,434.673609269,1167.9752308459,-146.9054636377,-1376.7065583359,778.5358262137,-971.0350309819,-63.0479733647,-228.3048513157,1381.9167719209,857.0116517538,-1441.1987704216,-450.9037184879,-1221.6861619962,1075.047012794,-1447.2940489637,1430.5635274174
1944,1415,-449.480095903,826.5018645766,152.1733108438,-1259.3103545941,903.9366244243,-1052.9839112835,65.3202815385,-331.8891744614,1341.7125785305,1148.5293500174,-1406.7936179365,-645.2615212548,-1088.6338130999,945.2247788638,-1413.4915142369,1375.5270175011
1945,1304.1666666667,-1061.7799130871,397.5630292545,406.6364482062,-1053.4085496846,952.2621488973,-1056.2131403384,176.6827200759,-404.3701136114,757.2807343445,1242.0927228732,-1239.1519250821,-768.8830352504,-891.0934262029,765.0258143495,-1292.143146432,1239.8933444706
1946,1293.5,-1293.4537359229,-5.470035818,649.9055616413,-912.7066228174,1047.7480708517,-1121.1144218997,289.354305174,-496.2641601938,-10.9399738132,1293.488433929,-1118.3760597168,-916.574530884,-758.5289908939,645.1702899301,-1260.720562249,1194.5141829661
1947,1252.75,-1007.4692352874,-391.9665023913,840.7760823872,-734.2841843011,1098.7741702161,-1145.1342278769,388.5061153488,-569.871937639,-744.572563589,1189.8507568192,-928.6970129088,-1014.9922655791,-601.7290797078,507.9863803733,-1190.9851220047,1115.6292113384
1948,1194.4166666667,-360.1998755903,-705.8337052291,968.130295851,-540.1720245396,1111.2269146944,-1136.4378853419,470.6624207983,-625.076277199,-1138.8095640782,963.5507014028,-699.5390652899,-1065.2912078469,-437.9565248628,367.6140725964,-1097.7741385456,1017.7970432725
1949,1171.25,370.282735738,-950.1368892778,1071.1780893363,-359.8463081187,1134.888793273,-1145.9589651543,556.1237391933,-689.3317684961,-1111.1783196744,684.8842633127,-473.713060223,-1114.6018109771,-289.5755331576,242.0838959585,-1030.8020902218,946.9151363465
1950,1274.6666666667,1036.582534873,-1213.6870098099,1247.4431640115,-197.1404777565,1264.8437626297,-1267.8425239039,703.3013584631,-828.6997995246,-741.8030463051,389.5368446372,-262.0317989714,-1259.3294815659,-157.9410245882,131.721090537,-1063.0815162984,968.5203938891
1951,1241.5833333333,1241.5540757867,-1241.5760189251,1241.5800824834,2.1308973833,1241.582163027,-1241.5825206206,775.0661760432,-878.6850574259,8.5235267656,-4.2617884898,2.8411954262,-1241.5815047299,1.7047182079,-1.420598643,-969.9492751504,877.1782848814
1952,1280.5,1030.996763126,-1216.5261208011,1251.9340546005,202.3839819677,1270.1916554258,-1273.3384873858,885.7709212,-974.3800436456,759.42473256,-399.6804316058,268.9635159863,-1264.4053835076,162.1524236229,-135.2381105387,-924.7108332644,830.8211483498
1953,1193.6666666667,361.7858312652,-963.5070830992,1089.4584913407,370.6304243572,1155.7947743402,-1167.3239475273,899.6147006166,-966.2425405453,1137.5197244035,-704.6234540014,487.7707522565,-1134.6687620852,298.2927265607,-249.3890788315,-784.5594314937,700.8676508099
1954,1043.5833333333,-328.3445462551,-610.9055890841,843.0667114258,475.1501250146,969.8445172765,-992.1886268606,844.7941949647,-890.2036073021,990.5836827626,-846.0854181682,615.0647882108,-929.1385969325,385.3151773804,-323.4623661873,-612.6899230157,544.6133593269
1955,1375.5,-1117.3057569379,-421.3942223927,918.4825275235,810.0532380958,1204.6181103549,-1256.0599043455,1181.3594238967,-1226.0155951294,802.2643551308,-1309.3613555219,1023.9092228484,-1111.6717147839,663.9995920217,-560.6369294791,-704.5496161169,623.6072566124
1956,1656.75,-1656.7269723127,4.3675577201,825.8521084333,1173.042308221,1339.3112848318,-1434.0591067224,1493.2211811379,-1531.054931517,-8.7350850871,-1656.7442430682,1436.2412253853,-1169.953975857,975.2260480639,-829.6354867811,-717.7123843861,633.0018634866
1957,990.25,-798.2358119795,308.3358961322,304.4484898101,801.8493261346,721.1892041965,-800.6482309774,927.3525926927,-941.9730244823,-586.0159135838,-941.0228677648,942.2877371336,-581.0617184754,678.5876466975,-582.7156019301,-347.2927170646,305.4208304088
1958,1308.5833333333,-398.601258143,771.6175792535,134.7731895847,1166.6439568686,833.1872970149,-971.7901753847,1261.6559887237,-1272.6038618066,-1246.3977604619,-1056.8806231854,1301.6245724658,-592.7328387898,1009.0536498971,-876.3641910208,-347.2959924838,304.745387484
1959,1251.75,391.9475527788,1014.2727472655,-132.6347080437,1190.9017536912,669.8084549076,-836.9147407909,1231.7714646059,-1236.4443644344,-1188.8040958756,-733.5726662401,1244.7032163219,-385.52701015,1057.4661678911,-930.8339159844,-222.7490100598,195.1496762962
1960,1212.9166666667,984.1128878213,1154.29930343,-376.3489545152,1198.1727137041,515.5570181646,-712.2804647271,1208.0957262291,-1209.2250605811,-709.0054049877,-372.5049776566,1153.0517354886,-188.5443937457,1097.8924361244,-981.745068664,-108.0349783392,94.5599975702
1961,1380.9166666667,1380.9073172672,1380.9143293149,-691.9247125578,1380.9160823286,425.7600460333,-689.7247540245,1380.9164758624,-1380.9165205822,5.0814757409,2.540742171,1195.061099873,1.270371623,1313.6434917738,-1196.3321461717,0.7259267107,-0.6351858787
1962,1218.3333333333,983.2397465172,1158.0694860308,-816.2380369574,1203.1730482891,227.4883297804,-494.9172166895,1213.3761008693,-1214.5373484603,719.427350036,378.4325258688,904.4841502951,191.6004357558,1196.906500494,-1113.280314986,109.7932099465,-96.099637388
1963,1274.8333333333,390.2542222741,1030.2206362733,-1032.1213025613,1212.1385307767,79.2731683198,-393.3302602325,1254.247173302,-1259.0620777844,1213.6316038135,750.896443176,748.2817948987,394.8673321311,1272.3662179429,-1212.6381711637,228.1754939553,-199.9067584225
1964,1201.6666666667,-374.4474004812,704.9970986464,-1098.2205007314,1070.321047938,-76.1066873589,-249.3068484809,1158.2375365733,-1168.3689279754,1141.8370820966,973.1299341188,487.7648096687,546.2743194759,1199.2541640191,-1175.5206816889,320.1383867183,-280.921387437
1965,1047.1666666667,-848.6538882309,322.394141142,-1024.4578192645,846.8052981384,-196.7143471623,-109.0411574544,980.2674391764,-995.8173299218,613.4693193376,996.3031895639,216.8967596015,616.0185182465,1028.523939147,-1041.4739813163,368.2849107259,-323.8917615582
1966,1083.3333333333,-1083.3309737529,-1.1305335343,-1083.3330711576,765.632537987,-335.1984619863,0.3768445722,975.9094148801,-1000.7613003601,-2.2610658374,1083.332743438,-0.7536890989,766.4319460243,1030.1713945714,-1083.3332677894,470.331718109,-414.8348235293
1967,1154.1666666667,-932.5391601453,-357.6276558402,-1128.8036917768,677.9892237328,-491.7896340076,120.981610556,990.6433845101,-1028.2541652812,-680.0525047671,1097.3619066756,-240.6302555283,934.0403133413,1044.1473317148,-1147.808409253,592.2215625684,-524.2080369724
1968,1201.5,-369.6265332085,-706.9285573345,-1097.3885243378,545.0814564644,-644.0900762693,250.0899218362,971.8876007864,-1024.3333490476,-1143.2315933127,971.5216234469,-489.2245666886,1070.7420117931,1014.2732490071,-1175.1839349634,706.4253261582,-627.9677061992
1969,1128.25,349.8623838295,-913.1484810959,-912.5232234465,348.3448641099,-719.3703359308,348.8507816005,849.5328748044,-912.6796139479,-1072.6343155434,662.6521817456,-663.5129457447,1073.1280995987,869.1687881435,-1072.963743412,742.4567038734,-663.297810025
1970,1099.3333333333,889.9044034834,-1045.6661398379,-735.3761512534,171.7529253258,-801.5018668336,447.2752296777,759.6159122325,-835.8670629011,-645.4486272652,339.2876386993,-817.1631990891,1085.8336476734,752.4151349089,-1004.2303753096,794.6807180628,-714.0448381823
1971,1320,1319.9998386194,-1319.9999596549,-659.8115667068,-0.1631802547,-1067.9791593104,660.0942099227,822.9336338511,-933.3232564508,0.6527209937,-0.3263605068,-1143.2623043029,1319.9999899137,775.7709167523,-1143.0991356949,1032.0756921256,-933.4386423157
1972,1092.75,883.9402906734,-1039.2372960814,-337.6173653137,-170.9912383823,-957.6026498356,642.3282597525,601.969752386,-709.6660787856,642.4578780156,-337.7697513593,-1039.2868117794,1079.2889135429,526.4026287242,-884.0344841822,911.9950546534,-830.9492277637
1973,1259,389.2231094137,-1018.6051479234,-131.6608416434,-389.0097163083,-1170.5753793688,842.4132003865,596.6232272863,-740.0397851359,1197.3246723835,-739.9490202872,-1252.0968104655,1197.3940206205,463.502191166,-935.6393534982,1108.6576228315,-1018.5392071079
1974,844.9166666667,-260.7230527073,-496.7871380152,88.1886855987,-383.497353913,-818.3526746637,627.8519984379,332.1245767823,-441.5092681176,803.6838080975,-683.4374244317,-840.3016894804,752.8704756815,210.1977009436,-565.4078542687,776.9024643469,-720.3844388779
1975,1104.3333333333,-892.9180916497,-341.6671615519,340.9848092433,-648.9366978773,-1095.603739966,893.3400814132,341.374742491,-501.4527317813,649.8071965711,-1050.1503043984,-1050.3720631169,893.5509348991,138.580503981,-649.2269326296,1050.2453981333,-983.9193406475
1976,969.8333333333,-969.832748537,-0.5325199238,484.609183648,-685.5874265444,-969.8333099414,839.811536711,215.9565503343,-371.2621413957,1.0650396871,-969.8331871342,-840.0777544778,685.9639750079,0.2130079785,-485.070383812,945.4837189566,-895.9582115315
1977,1218.5,-986.8008807855,375.716233854,814.907935691,-985.5334801393,-1208.9349862578,1113.0380877669,163.8076059616,-376.7424215895,-714.819048208,-1159.1287942324,-905.9068971742,716.5654258506,-152.3760118978,-495.8714200075,1207.4391571542,-1158.7956669642
1978,1033.3333333333,-321.0223905358,606.6525533165,835.632774255,-920.5031458043,-1000.9583899193,982.6660108707,46.6162182516,-241.4448112716,-982.202831676,-836.510882973,-607.861533878,469.5228815958,-256.6321870457,-319.6017660419,1032.2813114523,-1004.7299044458
1979,840.75,258.1633030865,679.6732154389,767.8290596572,-799.4672658653,-781.8366426094,822.3177136627,-37.4736816184,-131.7354521831,-800.1326586507,-494.8786545357,-342.4895584481,260.2165507993,-309.1796027769,-175.0832381943,839.9144514092,-830.3651805911
1980,1222.9166666667,987.652351667,1162.6137998788,1195.9915709183,-1207.7468622149,-1071.929447973,1216.1667646503,-163.7453945371,-96.3104529483,-721.1574071296,-379.2813282282,-255.2044982042,192.022629972,-588.6360778779,-128.3104601004,1211.9045421893,-1219.1183167618
1981,1098.5833333333,1098.579356178,1098.582339044,1098.5828914269,-1098.583084761,-889.1199671065,1098.5832228567,-244.0460604074,-0.3695114576,-2.9560881495,-1.4780454125,-0.9853637734,0.7390228734,-645.252682575,-0.4926819363,1071.1334467177,-1098.5832711902
1982,1085.75,880.3067533294,1033.113285155,1062.2496669773,-1072.5100959565,-791.9248822626,1079.8589348662,-335.0712440673,84.7797906794,635.5415663374,333.9610793735,224.6746703719,-169.0418781589,-742.7705186351,112.9501805653,1032.7537576302,-1082.434963216
1983,1095.25,341.9154540685,887.145834564,1001.054213332,-1041.9258701573,-698.7001532686,1071.4422965452,-429.9818239291,170.8848343332,1040.5125586792,642.2965286499,444.3681181973,-337.5841281768,-843.4397775315,227.1210419007,1007.3173251715,-1081.8368342291
1984,1235.5,-377.503321149,728.0298402952,1000.4224437491,-1101.3494263141,-662.7745928833,1175.2621365576,-584.8979088197,287.8741337711,1176.4146771107,998.2148073635,724.9932303429,-559.9015012997,-1042.6840792054,381.0763183064,1088.2806100718,-1201.4943749787
1985,1223.1666666667,-986.7042156334,380.2847538505,819.6589030905,-990.2747924682,-521.6765168112,1117.7468726732,-673.2605016679,377.4026877601,722.8772269866,1162.549009906,907.9074716231,-717.9780845169,-1106.3409538891,496.768178403,1021.2036972801,-1163.4878193243
1986,1472.0833333333,-1472.0698283442,3.1528137766,737.8611950442,-1042.0341992688,-456.09800261,1275.3867075942,-917.1244966067,562.6136164238,6.3056130911,1472.0799570822,1273.8093252625,-1039.8048219892,-1399.64422347,735.1313395373,1151.482521796,-1360.3290994801
1987,1058.4166666667,-859.1310008063,-324.7516514002,328.6124996495,-623.1064435184,-199.2843349881,856.7539865043,-730.9291219497,479.968538214,-618.1745414778,1007.3639884325,1006.1111595405,-855.5607519771,-1039.4862164099,621.4647591673,765.4988301518,-943.3324136287
1988,1117.5833333333,-350.5780048473,-654.6725791164,118.6421054497,-508.5967674561,-71.2712556477,831.139262286,-841.1030431546,583.3494819781,-1061.1727330937,905.7573190968,1111.2679954713,-995.1491521765,-1115.3084394296,747.127856281,735.8927759806,-953.2554163603
1989,1163,353.5870378865,-939.0928402086,-119.5465327702,-360.8351610067,71.8091319356,778.9532663736,-940.3748729432,682.9779307376,-1107.9463915906,686.0565847428,1156.8394990242,-1105.6070669914,-1160.7809649416,863.5975965725,684.2982524726,-941.3342372003
1990,1596.5833333333,1286.4276112613,-1517.0641423416,-490.5575764167,-251.9513991006,297.426499363,939.6441586394,-1369.934455676,1036.0542784197,-945.6121516045,497.588914968,1519.3523635082,-1576.5782038227,-1568.6350173811,1290.7932427048,819.9743455922,-1214.7715309662
1991,1255.5,1255.4783245523,-1255.4945811264,-625.619102242,-1.8443692441,386.5672888216,628.8145462436,-1130.7087339483,887.1202411212,-7.377437174,3.688734508,1088.5223878772,-1255.4986452809,-1194.5065848346,1086.6795831488,545.690396629,-888.4244074726
1992,1135.75,922.9588080518,-1081.2443129896,-758.2206478589,175.9329901156,482.3052621527,463.0221170173,-1062.9751769713,863.0596607488,661.8724205915,-347.6187539929,845.594176695,-1122.0408394925,-1028.2556572175,1037.0817622796,400.0147942799,-738.2791372429
1993,1273.9166666667,401.544658393,-1033.0532673462,-1028.9921357886,391.6885872632,681.196983907,394.976861323,-1227.6924831494,1030.0102652568,1208.9770721264,-745.4291518559,751.0252047011,-1212.2061393257,-1076.4916826094,1211.1387008228,340.0512320661,-749.628259257
1994,1493.8333333333,-451.9032278501,-882.1762642959,-1363.2974750167,675.911872324,950.6316277648,312.2489522389,-1469.5657951551,1273.0352927258,1423.8404055358,-1205.5302014013,610.7028920766,-1332.1715987924,-1152.3183310487,1460.8349049785,268.1686064547,-781.6131851832
1995,1472.1666666667,-1184.7902185552,-459.9271832012,-1439.2626855831,863.1874727548,1071.7210593547,155.6279925849,-1466.1045950242,1311.112222298,873.8116687597,-1398.4783447008,309.5119001474,-1192.5527582978,-1009.3010776673,1463.9175599632,133.4616457765,-669.5217957507
1996,855.4166666667,-855.3928080479,-3.1944530165,-855.4140156981,603.7404596596,691.2947861051,1.0648198721,-855.4161797539,789.9959889598,6.3888614842,-855.4107019912,2.1296380943,-605.9992829873,-503.8344890091,855.4160039243,0.9127028101,-328.0914674884
1997,1385.3333333333,-1127.0652045847,422.9583003637,-1355.8035622893,1119.1708262254,1212.93594807,-143.0184885827,-1379.8936820876,1317.1129594132,-805.5262063142,-1319.1871438874,-284.5086025553,-816.4588821063,-669.2793365434,1377.931114522,-122.6453039428,-429.3738424614
1998,1126.8333333333,-356.8860035752,658.6358311246,-1030.6480827338,1002.9771109427,1047.0292752194,-232.7925541663,-1108.9569042628,1095.4317418926,-1068.8244671428,-914.3042180094,-455.5413160935,-513.6051752427,-416.5129745212,1102.5248241358,-199.9198479363,-264.1640777343
1999,1388.75,418.0055112149,1120.0740413472,-1125.8101532666,1319.8729839308,1344.5360540184,-427.2924713536,-1339.1470900995,1371.4226498301,-1324.3481245858,-821.012000156,-813.1285638211,-431.9280828906,-347.633948205,1321.3809845856,-367.8472965487,-218.6926565595
2000,974.0833333333,783.0141496667,925.0836106083,-653.8958198981,961.7553917996,966.187442469,-394.8982909425,-912.3975606885,970.9964567837,-579.4196939175,-305.0551649483,-721.9824076786,-154.4827065473,-123.7746593324,890.4457760517,-341.1290540651,-77.4869098052
2001,1549.6666666667,1549.6030458308,1549.6507613761,-778.8834281313,1549.662690339,1549.6641218166,-772.8056327382,-1397.0706357372,1549.6656725845,-14.042013027,-7.0210785757,-1339.7042148028,-3.5105482956,-2.8084395013,1343.2193535629,-670.5672349129,-1.7552752738
2002,961.1666666667,782.8651843237,915.5067669813,-299.8735282721,949.6830915209,953.8118959258,-563.7432578401,-825.7722175854,958.2914725119,557.6409815329,292.7263580935,-913.1906855377,148.1330037179,118.6769914581,778.4824341955,-491.8755998983,74.2887260771
2003,1491.6666666667,474.6873192273,1211.0212003977,-160.7166925328,1419.7727638084,1445.5200525115,-996.3266812187,-1207.9973025095,1473.583582709,1414.1221281804,870.917387949,-1482.9833408322,457.5092825204,368.1592348857,1110.1362928651,-875.106828664,231.5618043096
2004,1124.4166666667,-336.7345581144,665.4633314058,113.7990274199,1003.1378023896,1046.2833388493,-834.347158969,-847.823893071,1093.6767585188,1072.8106438927,906.3505915661,-1118.6432056899,507.963964957,411.8300804023,753.7756022837,-738.5847863419,261.1206390805
2005,1322.3333333333,-1061.6998501886,415.1170573134,404.2883422044,1071.7948886249,1160.0838873116,-1068.4496702277,-915.2253904801,1258.1406026692,788.2632000505,1255.4852739765,-1259.0140510741,774.4812206644,634.6422762819,779.0896910078,-954.4254444769,406.9983640749
2006,1460.5,-1460.4171103817,7.7801120658,725.7535333844,1035.4764854095,1183.3958592165,-1263.5314173989,-912.3437331713,1350.0691939565,15.5600033528,1460.4792774484,-1267.4155036057,1029.975095895,855.9407049494,732.4947830845,-1140.4776028239,557.1116777897
2007,1364.5,-1112.6374620458,-414.5277029576,909.3137907238,805.0581343339,996.7251223822,-1245.5157400536,-753.4830566489,1216.6269095944,-789.8722226109,1300.010397451,-1017.3537634469,1101.6994373888,931.8794344829,557.270841942,-1137.5955051524,617.8019204006
2008,1487.5,-475.606691298,-867.5227076838,1200.1135306146,679.0494173182,950.7540093564,-1413.8290431996,-706.9915916484,1269.3979396274,-1409.4163775097,1208.3296742416,-878.8536645175,1323.4606676588,1143.9943460056,462.3242223867,-1308.7471640231,775.4257674785
2009,1178.4166666667,351.115083551,-949.3223126664,1074.6742761157,367.4020992001,633.7357786636,-1152.1892028852,-464.9437668188,954.3632949102,-1124.8929008492,698.1783346335,-483.4677243964,1119.6792119984,993.5012849109,247.2364880688,-1082.8172209446,691.2716843659
2010,1117.25,895.9768271266,-1060.4899039141,1091.9031721248,178.0663041567,478.1122465138,-1110.8952204318,-347.0593827633,850.6445029562,-667.4377032743,351.5803268051,-236.6326799153,1102.9687002921,1009.780294041,118.9931582983,-1061.9780352418,724.3283040794
2011,1078.1666666667,1078.0858144945,-1078.1464534342,1078.1576829922,3.3010023884,335.6823766468,-1078.1644207457,-241.753282312,763.5451498939,-13.2037001222,6.6019738334,-4.4013311696,1078.1616133467,1024.5783050211,2.200670169,-1050.7134298193,761.2109859853
,,14.3880075461,-31.6055451834,-74.8783857087,236.3608534515,85.8251156158,-189.6847596804,-24.656868399,23.7231395467,12.510724719,6.5758216584,-112.159813314,-4.4473283807,-173.3720056483,302.3394540626,-68.1456885384,-256.8557008404
,,,,,,,,,,,,,,,,,
,,,,,,,,,,,,,,,,,
u,R^2,,,,,,,,,,,,,,,,
10,363.5329941394,,,,,,,,,,,,,,,,
20,1042.1519168258,,,,,,,,,,,,,,,,
30,18186.5963689807,,,,,,,,,,,,,,,,
40,55886.2317740281,,,,,,,,,,,,,,,,
50,37423.8028129879,,,,,,,,,,,,,,,,
60,127389.453537851,,,,,,,,,,,,,,,,
70,5251.7960256123,,,,,,,,,,,,,,,,
80,66537.6384041645,,,,,,,,,,,,,,,,
