Year,annual_Mean_saurashtra,Cos 10,Cos 20,Cos 30,Cos 40,Cos 50,Cos 60,Cos 70,Cos 80,Sin 10,Sin 20,Sin 30,Sin 40,Sin 50,Sin 60,Sin 70,Sin 80
1871,314,313.8357351022,-313.9589310898,-159.9229283937,2.5392555801,-255.2200543357,155.5316695795,-68.4561933382,-222.9274840079,10.1553617779,-5.0783450994,270.2233464636,-313.9897326046,182.9172596146,272.7744485061,-306.4469768062,221.13194449
1872,389.6666666667,307.7505855896,-368.6192181388,-263.8146163618,64.037056107,-342.6630080704,156.5891901369,-50.5388748358,-297.3156717258,239.0181754185,-126.3328268102,286.778589342,-384.3687897792,185.5321374083,356.8191932105,-386.3753786688,251.8799365916
1873,285.75,79.6408740823,-228.4846190327,-232.9390198269,90.4532548099,-266.3454186995,86.8640822908,-11.5268338477,-231.8405487204,274.4273923562,-171.6037335418,165.5067235555,-271.055845158,103.504494771,272.2272831804,-285.5174155834,167.0419781643
1874,342.25,-115.925337247,-196.7989022165,-314.1004349941,157.766660319,-332.025429746,69.405290228,16.888126032,-292.5155568463,322.0192209856,-280.0093830328,135.9263743228,-303.718197334,83.031177891,335.1387297648,-341.8330787082,177.6786748682
1875,225.0833333333,-186.1187110955,-66.2204162451,-220.6376230319,133.711246575,-223.4794894991,22.3680049811,31.2034862423,-200.9461122138,126.5793518887,-215.1217409207,44.5145621933,-181.0629986601,26.8220938346,223.9691480932,-222.9099580341,101.4059511596
1876,270.25,-270.1222001861,4.1555925991,-270.2357990257,192.5592264732,-270.2448876206,-1.3852460606,61.2932876599,-250.0741824483,-8.3102025611,-270.2180481577,-2.7704557252,-189.620691909,-1.6622920698,270.2464497331,-263.2075139274,102.4595811665
1877,278,-219.8298923345,89.9202144432,-271.3246466438,226.1435601727,-275.5906815608,-30.4610261895,87.0555067078,-264.7186333903,-170.1729074683,-263.0558021304,-60.5552320087,-161.6882500134,-36.5209013696,276.3261223328,-264.0176864376,84.9002069255
1878,906.5833333333,-254.0585676788,543.8603116286,-824.4615214125,810.8477151912,-876.7273665002,-192.9381584738,359.8933618525,-882.3248734852,-870.2571944355,-725.333924281,-377.0365234136,-405.4865263444,-230.7432883258,885.8149960813,-832.0878008794,208.3174450376
1879,306.6666666667,103.4130405074,250.7566318831,-246.295851832,292.3552162085,-284.4535777672,-96.2125681741,146.4680147938,-303.0676855768,-288.7043253875,-176.5376900582,-182.7095996789,-92.5898050551,-114.5888587077,291.1830801572,-269.428218802,46.8446624878
1880,344.5833333333,284.622839996,329.2521530375,-228.0437289225,340.7289817523,-300.9766465346,-141.699691872,191.0393859551,-343.6183943756,-194.2357139244,-101.6400183552,-258.328727226,-51.3948889008,-167.7817983331,314.1000969985,-286.778009312,25.7696072498
1881,503.6666666667,503.4525135004,503.6131255293,-247.5814261782,503.6532812045,-405.7412877784,-253.9503883236,315.6688121146,-503.66332029,14.6859715813,7.343766453,-438.6154905184,3.6719808132,-298.4193668364,434.958976665,-392.4707787458,-1.8360026051
1882,390.5,309.1701434674,369.6087059473,-117.0948809746,385.2417745211,-283.1154455244,-231.0462063954,271.0206959169,-389.1832235275,238.5457448549,126.014501102,-372.5305878039,63.8672464085,-268.9533314639,314.8140729229,-281.1370348864,-32.0416685699
1883,436.5833333333,123.0142930874,349.5075085518,-41.5049176184,414.2427790879,-276.3650356834,-293.6704374472,329.9462492653,-430.9620054296,418.894366924,261.6285695606,-434.6059695378,137.8692384759,-337.9754044248,323.05213374,-285.9029197825,-69.8337799384
1884,669.1666666667,-224.650386313,385.6523548504,76.200964915,594.0747968755,-355.3644113685,-499.3872112233,542.9477232161,-650.1227112452,630.330256062,546.8603925831,-664.8138391489,307.9921484311,-567.009843751,445.4171539629,-391.1416592902,-158.5070600982
1885,475.9166666667,-392.6752791728,140.7408321434,151.2675315183,383.0649953394,-200.2304718852,-386.3207300846,409.5193315934,-452.1082222819,268.8917974534,454.6302803144,-451.2369749029,282.4143816394,-431.7457952775,277.9441798599,-242.4677105563,-148.6432943535
1886,524.8333333333,-524.6338876089,-7.2344925314,266.5824954259,368.5465540115,-159.4277160571,-455.7199839048,473.7516895586,-484.1877446859,-14.4676103815,524.7834695334,-452.0882667248,373.662234249,-500.0328300527,260.3254195186,-225.8525280314,-202.514828281
1887,364.3333333333,-288.807333693,-117.2958635296,246.2359234532,212.1367304733,-66.3177324119,-333.5046720481,341.5973587316,-324.0580657178,-222.1015573626,344.9354405923,-268.5268101678,296.2039590584,-358.2467531542,146.6745086913,-126.6886825465,-166.5087019377
1888,319.5833333333,-90.5359321836,-191.3109144178,260.2242992517,143.1672574504,-18.3484797167,-304.3820427634,308.3913017287,-271.9258872419,-306.4910307465,255.9953924762,-185.5177108079,285.7212686143,-319.0561709739,97.3913701907,-83.835028255,-167.8982393955
1889,433,144.7155263226,-353.6600224069,397.1119897418,131.0614556188,29.4881237897,-423.9330675697,426.3323840938,-349.455727012,-408.1009880424,249.8271173255,-172.600891085,412.6886173026,-431.994734407,88.1462093394,-75.6947704461,-255.674978945
1890,283.25,233.4522771762,-270.5142510203,277.565847169,42.4699946933,54.5382696209,-281.8253791895,282.2031067853,-214.7791755465,-160.4075957716,83.9797743205,-56.4602779425,280.0479638397,-277.9498869343,28.3728416745,-24.3304134929,-184.663120984
1891,307.4166666667,307.3129498745,-307.3907363751,307.4051420026,-1.996422278,96.514664452,-307.4137854872,307.4145498809,-216.6694180803,7.9848471432,-3.992760357,2.6618818177,307.4101840254,-291.8731342385,-1.3309533828,1.1408181308,-218.0811092534
1892,409.25,324.8097411637,-387.5654454871,399.5645334507,-66.6123259405,176.1481368074,-406.8214275421,407.4652738948,-264.7871485825,248.9662518197,-131.448042832,88.5084521857,403.7924721101,-369.4014028117,-44.5184073463,38.1786991634,-312.0469971744
1893,362.4166666667,103.2237715098,-290.4787905073,329.8272022084,-114.1741767756,195.7408536715,-354.1756029699,356.3558894792,-212.0933941821,347.4056609687,-216.7208170509,150.1993906818,343.9623491538,-305.0104235625,-76.847137479,66.002426556,-293.8745181572
1894,777,-258.5191683933,-448.8093170593,624.7752251241,-357.0743344494,498.2682264409,-737.9631935,748.2554766558,-403.9073174212,732.7324474685,-634.2706022833,461.9360540931,690.0919646522,-596.2027964706,-243.1857829711,209.3865842278,-663.7679405738
1895,335.3333333333,-276.0761241714,-99.6767712967,222.3222219182,-198.7756278692,245.5786054426,-305.7781027104,313.5329950068,-151.3148217552,190.3428961293,-320.1764914985,251.0403833764,270.0679436913,-228.3409577656,-137.6524476617,118.934879184,-299.2528515513
1896,515.3333333333,-515.1801339805,6.2828629274,254.0306926867,-366.610292504,418.3856869738,-445.2409056206,463.5175888701,-195.7574269013,-12.5647919289,-515.2950320718,448.3713322878,362.1675549722,-300.8685117786,-259.4782850386,225.2107662889,-476.7048083011
1897,428.6666666667,-340.6350788124,137.3612160089,129.1906317457,-348.3082583768,376.6330808745,-345.7852141042,367.2303287994,-131.2382776104,-260.2361508199,-406.062812195,408.7357236409,249.8729042087,-204.7013275535,-253.3529096302,221.1266531221,-408.0828660958
1898,360.75,-103.2996921781,215.4938497345,34.867530523,-322.3972462597,336.0438126866,-267.132012436,291.1318532287,-83.1737816617,-345.6439441042,-289.3146439892,359.0610224116,161.8659263222,-131.2063963954,-242.4480365602,213.0324072427,-351.0308883049
1899,69.5,23.0192454537,56.7013560642,-7.8042926746,-66.2230860292,67.3967784706,-46.3025466855,52.185128596,-10.6711180523,-65.577163241,-40.18962827,69.0604301742,21.089164914,-16.9683308483,-51.8297614353,45.9016595933,-68.6758854294
1900,567.25,466.4970801779,541.4762373507,-179.4405246146,-560.7695418517,563.099656542,-331.651115566,390.6495404953,-42.8721348,-322.7274960171,-169.0445115481,538.1204889484,85.4990259091,-68.4933522486,-460.1957192802,411.2973364985,-565.6275652386
1901,142.4166666667,142.3796784821,142.4074193203,-72.143282504,-142.4143548113,142.4151870778,-70.7393141324,88.4323330115,0.4057380523,3.2456277978,1.6229192777,122.7919123314,-0.8114728115,0.6491795138,-123.6060531711,111.6343559241,-142.4160887017
1902,342.3333333333,272.36192745,324.3691397221,-230.9650096639,-337.8124331213,339.4376577698,-138.0671747185,187.6721987258,27.8177536769,207.3911559996,109.4384407191,252.6801840707,-55.4515206264,44.4318309192,-313.2563907989,286.3062293009,-341.2012363569
1903,471.0833333333,135.6119990678,378.0238481269,-383.1488481117,-447.2137304464,455.7598088527,-143.9174597003,221.917589229,74.9819047948,451.1417655829,281.1004752607,274.0738351888,-148.0519714312,119.1742571992,-448.561335536,415.5383141603,-465.0776503959
1904,158.75,-52.3413016914,91.9031578796,-145.4914759915,-141.0517437209,147.3453916911,-32.4406433842,61.9370613427,37.4806495696,149.8731151249,129.4425435155,63.5121477658,-72.8420763934,59.0838222139,-155.4000230271,146.1689533801,-154.2619959933
1905,214.6666666667,-176.3436034642,64.1353421841,-210.2904022863,-172.987713292,187.6670404277,-21.6730026415,65.7077616673,66.8845348011,122.4120553501,204.8619917426,43.124523001,-127.1103018162,104.2250436071,-213.5697982728,204.3630784522,-203.980971618
1906,429.9166666667,-429.8200686865,-4.5568125743,-429.9059332005,-302.3816219657,346.7353756666,1.5189628068,94.3956937373,165.5739129529,-9.1131131992,429.8925164933,-3.037906652,-305.6038202889,254.1710438645,-429.9139832918,419.4255515365,-396.7538526937
1907,360.75,-287.3620171584,-115.0537153031,-352.3361640081,-210.5171426564,261.941855191,38.9569719952,47.3580866637,164.6154659908,-218.0908837954,341.9111070073,-77.458311575,-292.9557904323,248.0464210568,-358.6403725642,357.6279828643,-321.0020418263
1908,358.75,-103.8213534032,-213.8406555903,-326.7266331102,-161.2237998978,227.5371739615,75.7904442252,15.0424526251,188.2319370971,-343.3987319102,288.0516212707,-148.1596089238,-320.4815889353,277.3596887899,-350.652778492,358.4344948788,-305.4018669829
1909,496.5833333333,162.98111948,-404.6780909107,-399.7656481829,-151.0606031251,264.3829534088,155.0452334282,-23.7136615465,292.900007775,-469.0758591502,287.803143974,-294.588583413,-473.0493643669,420.3530193674,-471.7583942397,496.0168033449,-401.004479264
1910,542.3333333333,445.0209303882,-517.4336329545,-360.2070613986,-82.1703641998,228.9569772567,222.2309026057,-74.3286088494,353.2433417113,-309.9706695171,162.4434668799,-405.433493144,-536.0722672287,491.6341597264,-494.7108957477,537.2156944384,-411.5149887684
1911,105.5833333333,105.5630404378,-105.5782599875,-52.1929566652,0.5175233123,32.2330377786,53.0901777005,-23.7827236617,74.8414394375,2.0699689137,-1.0350341909,-91.7809106095,-105.5820649892,100.5428841507,-91.2648525419,102.869929197,-74.475494095
1912,536.8333333333,428.1407601897,-508.9352901923,-162.6046986034,86.5349625668,98.5576064763,316.9372220258,-167.2967853076,409.0506571211,323.8603360122,-170.8066104536,-511.6148353692,-529.8129179544,527.7086563469,-433.2906934984,510.0998072961,-347.6601612014
1913,590.0833333333,171.668008391,-474.0763498087,-57.9685858671,185.0051182105,34.8171056288,396.2272352455,-233.3870512339,478.208519955,564.5603910768,-351.3544575352,-587.2290722796,-560.3315505249,589.0552685728,-437.2668731192,541.9675493921,-345.7093457229
1914,468.25,-152.9773341606,-271.6858717152,51.8396103957,214.5240698259,-31.1446470595,348.949824522,-222.9868442258,399.8180574936,442.5562085579,-381.3723241274,-465.3715905532,-416.2180750104,467.213092132,-312.2372214617,411.7461958564,-243.7285034665
1915,212.4166666667,-174.1085638519,-63.7858899218,66.8736189669,125.641661403,-40.5676632829,172.2293696015,-117.4835677065,189.4851223546,121.6842153741,-202.6134263189,-201.6153748206,-171.2746717926,208.506846347,-124.3297411099,176.970199742,-96.0011910554
1916,387,-386.9372124009,3.4855990061,195.5089383568,274.8799072462,-120.9148164246,335.7312609395,-242.0683786214,357.8739471548,-6.9709152514,-386.9843027819,-333.9839143171,-272.4151915594,367.6256345374,-192.4929100719,301.9468497461,-147.2930342815
1917,723.5,-577.7074691317,229.6528859858,487.2789088481,587.199332855,-310.3661817451,661.815133006,-501.3041613143,688.5822272324,-435.5529016198,-686.084398568,-534.8004440834,-422.6691300469,653.5480726228,-292.3234163118,521.6765164822,-222.0512696197
1918,77.9166666667,-22.7863420929,46.3442074214,63.3001215164,69.5772703763,-41.9782170037,74.1725738147,-58.8038948368,75.8031527311,-74.5103318908,-62.6356239127,-45.4323844901,-35.0715039802,65.6417263761,-23.862863159,51.1185768236,-18.0246769868
1919,356.5833333333,115.9589213394,290.2591017626,326.5744899377,339.5977264705,-228.2307955351,349.0004970016,-288.9918736762,352.3113416485,-337.2020198233,-207.126356254,-143.1809209811,-108.7430815598,273.9751404425,-73.1459274583,208.8908101383,-55.0308291497
1920,363.0833333333,297.2717382751,346.2397439515,355.5647793168,358.8477304587,-265.506989531,361.1988041472,-312.1328901407,362.0228839994,-208.4682723277,-109.3048336207,-73.5064259358,-55.2974980359,247.6601410292,-36.9449702543,185.4792868135,-27.7297386426
1921,451,450.9391953031,450.9847985696,450.9932437876,450.9961996264,-365.735308666,450.9983109437,-406.7948825568,450.9990499056,7.4055478772,3.7028987487,2.4686145746,1.8514649758,263.8914246333,1.23431191,194.727819085,0.9257344381
1922,262.4166666667,209.7884042681,248.9121137046,256.3856888864,259.0185264762,-230.3634207377,260.904565697,-245.8950917623,261.5657520273,157.6430536976,83.0979337622,55.9364414198,42.0940599914,125.6789613679,28.1303135945,91.6412068432,21.1154993033
1923,173.0833333333,50.8809071856,139.2201086346,157.7469127569,164.3996969998,-161.1291501136,169.2057944646,-166.9493090151,170.8986363806,165.4357082426,102.8377441873,71.2302730124,54.1348307851,63.2078892342,36.4312969489,45.670214551,27.4134339517
1924,236.8333333333,-76.6600963714,137.7213883543,190.8820159899,210.6027578796,-229.5738577917,225.0524959849,-233.1201847935,230.1822983372,224.0831484117,192.6729014873,140.1930231837,108.3351565802,58.1882427679,73.7658581509,41.7732835629,55.7327310471
1925,236.5833333333,-193.4842314958,71.4021329387,157.415447873,190.8719835765,-234.8065523532,215.8860173645,-235.6762556864,224.8652971509,136.1452377926,225.551344538,176.6127129684,139.7839743915,28.9405698478,96.7724191987,20.6972490136,73.534153618
1926,765.6666666667,-765.5824906261,-5.6767415135,379.5511718877,539.3973269735,-765.6632995658,662.1386278768,-765.6649487575,706.8394435079,-11.3531709773,765.6456223673,664.9709409916,543.4114169746,-2.2707140804,384.4709116668,-1.6219397934,294.3186122995
1927,511.9166666667,-409.7398730007,-161.7188975108,155.8343473736,299.3927810255,-507.6917218487,413.4204114886,-509.7596274993,455.6988194509,-306.8744207075,485.7012165921,487.6210924374,415.238047728,-65.6337502928,301.8977260195,-46.9446033418,233.2322009548
1928,399.4166666667,-118.0234696465,-237.0581498035,39.8708858875,180.0676228677,-386.5847727257,296.1914667486,-392.8524826877,340.1879504859,-381.5810978334,321.4608953246,397.4216728736,356.5239470301,-100.4285174032,267.9632225445,-72.1151888112,209.2984279811
1929,356.9166666667,114.9916364146,-290.1998781083,-38.9489794276,109.1153833861,-331.4868990154,238.2099567998,-343.8655552858,288.3874181242,-337.8852327332,207.7824287335,354.7851236256,339.8283979496,-132.3100250382,265.7922561436,-95.634652885,210.2907606437
1930,328.4166666667,268.2866692125,-313.0234181003,-102.8964809469,50.2762338653,-287.3637623954,192.4377661221,-307.2511128812,249.368261897,-189.4195609416,99.3672313456,311.8811009876,324.5455395669,-158.9955188251,266.1300680389,-115.992502248,213.71236956
1931,254.25,254.2277300421,-254.2444324496,-128.0952035091,-0.8412935575,-205.2962499221,126.6389691363,-228.8623400105,179.4842104657,3.3650821174,-1.6825779037,219.6239543811,254.2486081086,-149.9883737758,220.4668546428,-110.7478750357,180.0790956594
1932,329.6666666667,264.1807512319,-312.867143343,-221.6428691204,-52.6224422452,-239.7328459322,133.4388347854,-282.6894545946,213.6963335955,197.2020329248,-103.8954365095,244.0380086774,325.439686706,-226.2924516911,301.4534598943,-169.6077338217,251.0258714137
1933,647.6666666667,192.3639664378,-521.5648761375,-525.5674373761,-202.0791012608,-411.5795258374,198.8461727532,-523.2873249519,379.8632735568,618.4401470858,-383.9820192285,378.4851118354,615.3341758303,-500.0743994873,616.3864945735,-381.6313491524,524.5722109623
1934,313,-100.3704897647,-182.418525243,-286.4584528238,-142.9545410243,-167.0642166761,64.4496092546,-235.3497342247,163.132198936,296.470512504,-254.3471675647,126.1370477132,278.4474801476,-264.6857523676,306.2927486359,-206.3480133182,267.1270964734
1935,406,-331.2918577934,-123.1493112767,-397.4613361622,-239.6219727212,-171.9870570107,41.6335052461,-280.0695710406,183.779050867,234.6949189049,-386.8723912766,82.8280523504,327.745801177,-367.7722831057,403.8596925182,-293.9337261648,362.0238396327
1936,296.75,-296.7298863841,1.727529381,-296.7477651313,-210.4438248605,-91.043350112,-0.5758460182,-184.6344445208,113.1621789129,-3.4550002159,-296.7449715534,-1.151689868,209.2222719456,-282.4387914228,296.7494412823,-232.3159150736,274.3262360105
1937,379.3333333333,-304.3424977457,119.2613173517,-370.7436332826,-307.5171302761,-70.2358607152,-40.3630991907,-208.4611527411,116.7096390472,-226.427520067,-360.0979255165,-80.2679024154,222.0968085419,-372.7743307248,377.1797953251,-316.9191151944,360.9330103097
1938,267.75,-79.9317187839,158.5691407488,-244.2006196383,-238.9005545572,-16.2239130755,-56.1486713638,-126.5074650595,62.146757829,-255.5405698363,-215.7449654156,-109.8003636983,120.8990799479,-267.2580160529,261.7964652246,-235.9786511196,260.4377910199
1939,145.3333333333,46.3851010636,118.0319429907,-117.2720661349,-138.3397149997,9.4355705142,-45.1566025045,-56.9155353932,22.5433567207,-137.7323497842,-84.7952723423,-85.8431143553,44.5410039352,-145.0267140455,138.1399979297,-133.7250896753,143.5742833711
1940,301,245.3354991958,286.7463907863,-200.6339802391,-297.4152514807,57.0148075542,-122.9027500669,-92.5899712418,23.2272394432,-174.3889125901,-91.5287242948,-224.3813850867,46.315960388,-295.5508614766,274.7651979891,-286.4054769474,300.1024747446
1941,343.6666666667,343.6493098103,343.6623274252,-170.8352899143,-343.6655818546,106.8556133391,-172.3316325344,-75.9918930951,-0.4317486274,3.4539317794,1.7269876952,-298.1980575016,-0.8634965733,-326.632294294,297.3358138634,-335.1596783052,343.6663954636
1942,257,206.4374398343,244.0321925868,-78.6240577209,-253.7373381026,109.8776815593,-151.3978486732,-34.1438508375,-20.4756453821,153.0770506467,80.6057627053,-244.6778648499,-40.821112829,-232.3271294859,207.6720766428,-254.7218040333,256.1830360234
1943,392.5833333333,117.7949478409,316.5169876044,-39.8108398066,-373.0824089001,210.9803426882,-263.1469184857,-17.0857686678,-61.8697741917,374.4943576,232.2470024972,-390.5595609443,-122.1932476873,-331.0724522068,291.3337826318,-392.2113589892,387.6774492443
1944,537.8333333333,-170.8447902802,314.1485885734,57.8401971841,-478.6565976767,343.5810938771,-400.2331073865,24.827862017,-126.1491597158,509.9772074108,436.5493772092,-534.7141348741,-245.2601801047,-413.7834293137,359.2744830852,-537.259966601,522.8298805036
1945,537.8333333333,-437.8739654354,163.9534690612,167.6953122507,-434.4216472629,392.7092593599,-435.5782496961,72.8632763814,-166.7606845526,312.2996715309,512.234276896,-511.0215031616,-317.0844159429,-367.4835126334,315.4937128314,-532.8748796851,511.3272616749
1946,377.5833333333,-377.5698284671,-1.5967486336,189.7128011723,-266.4266014679,305.8463154895,-327.2625593111,84.4649115284,-144.8636071278,-3.193468712,377.5799571017,-326.4632087731,-267.5556757786,-221.4208773186,188.33053625,-368.0147447204,348.688555793
1947,409.3333333333,-329.1883778176,-128.0742007414,274.7217532552,-239.9257575525,359.022066394,-374.1701142374,126.9435268139,-186.2044141344,-243.2874630712,388.7811426525,-303.4497257638,-331.6465115761,-196.6136659033,165.983443118,-389.1517940056,364.5294143613
1948,166.6666666667,-50.2616166316,-98.4907144672,135.0910899116,-75.374593531,155.0585243417,-158.5764160109,65.6753534917,-87.2219740737,-158.9073556239,134.4520618716,-97.6123721887,-148.6487417634,-61.1116339724,51.2961798083,-153.1813491308,142.02149491
1949,446.5,141.157943656,-362.2080009072,408.3509215698,-137.1794036926,432.6385026223,-436.8586364494,212.0036282176,-262.7847467522,-423.5996753337,261.0892837303,-180.5873053486,-424.9047672156,-110.3910143478,92.286411565,-392.9589184922,360.9798150512
1950,461,374.8937358079,-438.945903391,451.1542614613,-71.2984520756,457.44741729,-458.5319588282,254.3582057412,-299.7102046921,-268.2828485983,140.881133926,-94.7672536552,-455.4531048655,-57.1214531918,47.6386684656,-384.4774416947,350.2781654677
1951,252.0833333333,252.0773930636,-252.0818482615,252.082673301,0.4326441093,252.0830957216,-252.0831683252,157.3646004786,-178.4027316406,1.7305636933,-0.8652869442,0.5768585921,-252.0829620651,0.3461153486,-0.2884294849,-196.9324489784,178.0968059444
1952,325.5833333333,262.143977192,-309.3171647774,318.320080133,51.4586891545,322.9623062442,-323.762428102,225.2184686404,-247.7484596201,193.0933509119,-101.6238088171,68.3873784302,-321.4910733674,41.2293062017,-34.3860014236,-235.119434177,211.2467933491
1953,549,166.3952147707,-443.1433023916,501.0718054281,170.4630854276,531.5816792344,-536.88426182,413.7574453827,-444.4014142078,523.1764831311,-324.0756293606,224.3391312389,-521.86524746,137.19299655,-114.7008692643,-360.840375222,322.3482325841
1954,438.1666666667,-137.8611853557,-256.499368155,353.9762651663,199.5000684602,407.2061384525,-416.5877026299,354.7015792641,-373.7675131514,415.9138388538,-355.2437218501,258.245680461,-390.1150477259,161.7812986239,-135.81131689,-257.2485518819,228.6654190961
1955,284.75,-231.2997559346,-87.2351907134,190.1402397036,167.6936819686,249.3747778434,-260.0240332696,244.5598661974,-253.8043916489,166.0812614493,-271.0582668011,211.9652135268,-230.1334211448,137.4582943135,-116.0606075385,-145.8527831256,129.0964495241
1956,591.3333333333,-591.3251142061,1.5588848439,294.7661868841,418.6865962042,478.0319338648,-511.8496766411,532.966022904,-546.4697849225,-3.1177588541,-591.3312785479,512.6285264993,-417.5842972024,348.0812855018,-296.1165642673,-256.1685568937,225.9333646849
1957,404.1666666667,-325.7968263991,125.8460907381,124.2594610434,327.2716680765,294.3505546035,-326.7814457831,378.4953357368,-384.4626078212,-239.1801044249,-384.0748050711,384.5910565596,-237.1580690571,276.9628954375,-237.8330951242,-141.7461649216,124.656318058
1958,450.9166666667,-137.3515511566,265.8869465288,46.440662857,402.0066516345,287.1028761477,-334.8631878626,434.7462621782,-438.5187222974,-429.4885233306,-364.183980899,448.5187901429,-204.2461561926,347.7035789081,-301.9809359749,-119.6725858327,105.0103350746
1959,1033.75,323.6874636989,837.6308787583,-109.5355537768,983.4988519099,553.1571721676,-691.1608654225,1017.250850039,-1021.1099354776,-981.7665141693,-605.8164519478,1027.9304572581,-318.3850982565,873.3018981885,-768.7234357091,-183.9558930692,161.1631538815
1960,241.3333333333,195.808376718,229.6702701981,-74.8819355737,238.3997374707,102.5800841363,-141.7220354414,240.3741135801,-240.5988165883,-141.0703986839,-74.1171017034,229.4220423205,-37.5145698583,218.4470281701,-195.3372530986,-21.495657662,18.8145484688
1961,654.1666666667,654.1622376771,654.1655594184,-327.7779852501,654.1663898546,201.6906862206,-326.7358227682,654.1665762791,-654.1665974637,2.4071923581,1.2035982163,566.123325931,0.6017993628,622.2980755793,-566.7254449006,0.3438853828,-0.3008997132
1962,317.8333333333,256.5031732706,302.1119712531,-212.936516618,313.8783861952,59.346134732,-129.1117827944,316.5401127712,-316.8430538322,187.6809790039,98.7237793204,235.9577667049,49.983861968,312.2435973245,-290.4275732802,28.6423599683,-25.0700422023
1963,291.5833333333,89.260002859,235.6348546424,-236.0695801844,277.2436082617,18.1315737973,-89.9635625934,286.8748110461,-287.9760890422,277.5851079712,171.7470685496,171.149039113,90.3151258417,291.0190480182,-277.3578873644,52.1889170708,-45.723215304
1964,408.9166666667,-127.4211785133,239.9043525006,-373.7148402974,364.2209002935,-25.8984406983,-84.8369421287,394.1381131737,-397.5857371412,388.5571818203,331.1476135035,165.9821027077,185.8923776469,408.0957130958,-400.0194164388,108.9402956745,-95.5950934919
1965,345.5833333333,-280.0706409751,106.3957109117,-338.0890161141,279.4605738803,-64.9191785518,-35.9854910045,323.5054170193,-328.6371532059,202.4556157323,328.797495394,71.5797280015,203.2968960025,339.4309068631,-343.7046475026,121.5404683097,-106.8899518687
1966,253,-252.9994489472,-0.2640230623,-252.9999387719,178.8046450253,-78.2817331223,0.0880077016,227.912383352,-233.7162544533,-0.5280458371,252.9998622368,-0.1760153926,178.9913375485,240.5846426091,-252.999984693,109.8405458599,-96.8798864796
1967,613.75,-495.8953728859,-190.1752841345,-600.2627573961,360.5336196962,-261.5184588062,64.3342643859,526.7933954452,-546.79364096,-361.6308084917,583.5429922502,-127.9596990589,496.6936395493,555.2451334353,-610.3688761118,314.9250403116,-278.7575590109
1968,265.6666666667,-81.7290461832,-156.3107394079,-242.6463181849,120.5243225974,-142.4163658723,55.2980074084,214.8964954437,-226.4929058652,-252.7827936941,214.8155732799,-108.1736661537,236.754441226,224.2684920124,-259.8478557819,156.1994687053,-138.8515083481
1969,223.5,69.3057768986,-180.88959497,-180.7657349349,69.0051647494,-142.5032307383,69.1053841681,168.2876999945,-180.7967150165,-212.4828446922,131.2676823578,-131.4381948805,212.5806605454,172.1774643475,-212.5481025062,147.076510805,-131.3955777005
1970,677,548.0278482337,-643.950251671,-452.8650585796,105.7702217516,-493.5871108366,275.4445092406,467.7925766356,-514.750153048,-397.4851916239,208.9427514246,-503.2317942237,668.6865186249,463.3581379624,-618.4329570206,489.3864579702,-439.7286435259
1971,348.3333333333,348.3332907468,-348.3333226867,-174.1169412143,-0.0430614561,-281.8278337069,174.1915276185,217.1630422662,-246.2936371189,0.1722458178,-0.0861229115,-301.694219191,348.3333306716,204.7173252541,-301.6511608084,272.3533076442,-246.3240861666
1972,176.0833333333,142.4361956984,-167.4604138351,-54.4029202248,-27.5531523451,-154.3059863572,103.5033640553,97.0000828789,-114.3540322179,103.5242504573,-54.4274753773,-167.4683926858,173.9142434466,84.8233626549,-142.4513738333,146.9568787068,-133.8973322859
1973,314.0833333333,97.0996756275,-254.1119143846,-32.8454932588,-97.0464403472,-292.0240008499,210.1572247985,148.8398824227,-184.618079837,298.697159797,-184.5954366867,-312.361191332,298.7144601349,115.630113748,-233.4143978908,276.5773484546,-254.0954640978
1974,116.1666666667,-35.8465268245,-68.3027192419,12.1249657486,-52.7266309651,-112.5144125142,86.3226832846,45.6634441301,-60.7026254814,110.4976061237,-93.9650625957,-115.5321585103,103.5113367295,28.8998515747,-77.7373063271,106.8154685176,-99.0448671265
1975,474.1666666667,-383.3914836619,-146.7013393624,146.4083583304,-278.6333995565,-470.4184485668,383.5726730487,146.5757836383,-215.3083341259,279.0071648423,-450.9021454896,-450.9973618424,383.6632070311,59.5021934539,-278.7580174059,450.9429758059,-422.4646127592
1976,433.5,-433.4997386054,-0.2380278952,216.6125600049,-306.4466225197,-433.4999895442,375.3823349347,96.5291265543,-165.948243645,0.4760557185,-433.4999346513,-375.5013300218,306.6149336648,0.0952111621,-216.8187091073,422.6161115323,-400.4790012362
1977,440.75,-356.9409012772,135.902281552,294.7646062009,-356.482463169,-437.2901889152,402.6028208316,59.2517048236,-136.2734692783,-258.5609318816,-419.2745310282,-327.6803159044,259.1926232611,-55.1167232203,-179.3642415825,436.7491247564,-419.1540338239
1978,393.6666666667,-122.2991752332,231.1150533764,318.3491310953,-350.6820049016,-381.332857579,374.3640512382,17.7592754049,-91.9826845522,-374.1875949063,-318.6836621907,-231.575635971,178.8730719886,-97.7685848068,-121.7579631276,393.2658802662,-382.7696829518
1979,811.5,249.1817073502,656.0271356867,741.1160058422,-771.6535072848,-754.6362598603,793.7089796459,-36.1699585291,-127.1523276201,-772.2957508118,-477.661645145,-330.5742214459,251.1635218241,-298.4231313155,-168.9920283018,810.6935204502,-801.4764722565
1980,524,423.1930485371,498.1611975222,512.4630322272,-517.4999843003,-459.3044203648,521.1077762263,-70.1622515059,-41.2674704013,-309.0042777534,-162.5159108619,-109.3509972544,82.2785892514,-252.2210328924,-54.9789555783,519.2814828815,-522.3724685382
1981,525.6666666667,525.6647636177,525.6661909042,525.6664552167,-525.6665477261,-425.4394866501,525.6666138042,-116.7748273572,-0.1768093965,-1.4144734921,-0.7072373862,-0.4714916698,0.3536187731,-308.7502026613,-0.2357458586,512.5320323064,-525.6666369315
1982,303.8333333333,246.3426527469,289.1036179043,297.2570639188,-300.1283145181,-221.6101098111,302.1847936543,-93.7654275746,23.724546536,177.8482270985,93.4547620996,62.872350002,-47.3042204135,-207.8548860959,31.6076719887,289.0030086975,-302.9056624365
1983,521.9166666667,162.9320922796,422.749323737,477.0297906185,-496.5062561665,-332.9497877137,510.5716429478,-204.898133095,81.4313107684,495.8327744813,306.0719134851,211.7535969162,-160.8680966881,-401.9221887454,108.22940618,480.0143352012,-515.5249252665
1984,323.3333333333,-98.7935306932,190.5271671621,261.8129692261,-288.2258042694,-173.4497113441,307.5689390155,-153.0691950776,75.3373559309,307.8705616612,261.2352254533,189.7324790051,-146.5275748713,-272.8729412732,99.728592677,284.8056635018,-314.4339791526
1985,223.4166666667,-180.225780223,69.4606502979,149.7142334913,-180.8779614803,-95.2864655655,204.1612866628,-122.9739341172,68.9342284974,132.0366429726,212.3445902411,165.8332151125,-131.1417934725,-202.077946408,90.7368501362,186.5272593274,-212.51606783
1986,182.3333333333,-182.3316605953,0.3905098524,91.3920348008,-129.0671286725,-56.4926368362,157.9703434031,-113.5957202703,69.6857397529,0.7810179136,182.3329151483,157.7749676577,-128.7909963494,-173.3609714663,91.0539128733,142.6234790653,-168.4913710536
1987,59.25,-48.0940194924,-18.1795468188,18.3956765019,-34.8814015701,-11.1559060056,47.9609546024,-40.9172982998,26.8685639454,-34.6053144627,56.3920790312,56.3219458652,-47.8941575195,-58.1902763458,34.789500336,42.8525051758,-52.8076014558
1988,598.0833333333,-187.6145209745,-350.353075857,63.4922370302,-272.1794795341,-38.1413617019,444.7905812711,-450.1227753874,312.183970782,-567.8947658947,484.723009407,594.7036316082,-532.5617377653,-596.8659063296,399.8312299254,393.818690121,-510.141982195
1989,440.5833333333,133.9506068577,-355.7598055447,-45.2882286297,-136.6964385384,27.2037031057,295.0935740411,-356.2454824628,258.7349039703,-419.727183458,259.9012011705,438.2495293308,-418.840968987,-439.7426885673,327.1596799283,259.2350860435,-356.6089217596
1990,362.1666666667,291.8113888273,-344.1286477696,-111.277374973,-57.1522929428,67.4677992709,213.1475292785,-310.7539612907,235.0170621647,-214.5013002179,112.8723536955,344.6477045674,-357.6287318657,-355.8269108794,292.801682384,186.0018010305,-275.5570266496
1991,227.6666666667,227.6627361395,-227.6656840328,-113.4469260139,-0.3344495404,70.0983561039,114.0263733133,-205.0375853675,160.8663546226,-1.3377909438,0.6688983589,197.38770501,-227.6664210081,-216.6063978341,197.0535391718,98.9530176285,-161.1028462243
1992,403.6666666667,328.0367206841,-384.294332095,-269.4857156232,62.5298557576,171.4202575294,164.5666692224,-377.8011414814,306.7474500453,235.241764278,-123.5501683426,300.539892282,-398.7941761319,-365.461178631,368.5981404712,142.1726952448,-262.3981319836
1993,235.75,74.3095334987,-191.1760118612,-190.4244621015,72.485576854,126.061769312,73.094102223,-227.1957895486,190.612876327,223.7323305453,-137.9485229673,138.9841240335,-224.3298991399,-199.2146902664,224.1323598239,62.9296091787,-138.7256064263
1994,542.3333333333,-164.0626021895,-320.2724047773,-494.9425397416,245.3885119427,345.1249935007,113.3613846464,-533.5230500317,462.1730271705,516.9225348224,-437.6654329309,221.7145164361,-483.6423499353,-418.3469652162,530.353317059,97.3580994537,-283.763171325
1995,319.25,-256.9303366515,-99.7385395021,-312.1145334806,187.1884528543,232.4104708699,33.7490569225,-317.9353958756,284.3241777212,189.492386676,-303.2701538859,67.1198963809,-258.6136995946,-218.8742459268,317.4611214887,28.9421241351,-145.1906486766
1996,361.4166666667,-361.4065863131,-1.3496680694,-361.4155466228,255.0825497851,292.0745725609,0.449890286,-361.4164609443,333.7761913413,2.6993173168,-361.4141465695,0.8997798748,-256.036910893,-212.8719122097,361.4163866556,0.3856202715,-138.6198435945
1997,461.1666666667,-375.1912200537,140.7995208261,-451.336436099,372.5632430421,403.7769211152,-47.6097398831,-459.3558491743,438.4566360319,-268.1533942338,-439.1471158731,-94.7106957737,-271.7927967743,-222.7978734619,458.7025257318,-40.827665545,-142.9352047751
1998,513.8333333333,-162.7391730546,300.336380322,-469.9730866837,457.3551890307,477.4428716908,-106.152853793,-505.681723982,499.5142819486,-487.3814276292,-416.9205596987,-207.7257620938,-234.2027444569,-189.928930698,502.7487106657,-91.1629775459,-120.4581942989
1999,307.6666666667,92.6058414285,248.1436160009,-249.4144065923,292.4075041508,297.8714138276,-94.6632945837,-296.677531152,303.8279281832,-293.3989364519,-181.8887671513,-180.142253683,-95.6902779497,-77.0155737638,292.7415898644,-81.4936824997,-48.4496422453
2000,252.5,202.9714153041,239.7983865295,-169.5016112834,249.3043748099,250.4532424229,-102.364772141,-236.5099331753,251.6998258238,-150.1960537745,-79.0758105735,-187.1508850429,-40.0447087722,-32.0846280928,230.8196339667,-88.4268144253,-20.0860070759
2001,386.8333333333,386.8174520728,386.8293629978,-194.4276658091,386.8323407482,386.8326980787,-192.9105047951,-348.7417665676,386.8330851869,-3.5052174915,-1.7526267341,-334.4217554912,-0.8763156156,-0.7010527084,335.299216995,-167.3893904316,-0.4381580889
2002,285.3333333333,232.4024961959,271.7786691645,-89.0208913476,281.9243025288,283.149985404,-167.353642695,-245.139940438,284.4797990186,165.5421120833,86.8991720229,-271.0911138617,43.974978735,35.2306241332,231.1014266243,-146.0189053278,22.0534591718
2003,504.75,160.6246420424,409.7852184809,-54.3832964621,480.4225491837,489.1349138582,-337.1369110693,-408.7619922514,498.6310480708,478.5104877312,294.700928425,-501.8117371743,154.8119399009,124.5776807655,375.6477947421,-296.118550906,78.3558574695
2004,401.9166666667,-120.3639497358,237.8662749107,40.6768479394,358.5661914271,373.9883304877,-298.2328872532,-303.0500730958,390.9288524669,383.470372452,323.9701254816,-399.852974212,181.5689767278,147.2064387297,269.4330193296,-264.0031441879,93.336162624
2005,479.5,-384.9899759255,150.5283304626,146.60165875,388.6506043073,420.6656596667,-387.4375726298,-331.8759072865,456.2226511065,285.837311135,455.2597848791,-456.5393779859,280.8397368101,230.1318160906,282.5108445966,-346.0904970708,147.5843576309
2006,575.1666666667,-575.1340234997,3.063924083,285.8125577667,407.7860722525,466.0389261847,-497.5975033029,-359.2945593033,531.6773694333,6.12776122,575.158505817,-499.127114338,405.6195430713,337.0822061829,288.4673623673,-449.137077182,219.3988816675
2007,796.8333333333,-649.7520100208,-242.0736469818,531.0161516368,470.133497038,582.0621485415,-727.3495484544,-440.0149619932,710.4792054197,-461.2653104071,759.173043876,-594.1087508293,643.3644815141,544.1939142864,325.4320135977,-664.3268731078,360.780625557
2008,481.1666666667,-153.8461084345,-280.6205105976,388.2047913596,219.65441656,307.5436218501,-457.3360725734,-228.6929663965,410.6164539725,-455.9086926466,390.8624951861,-284.2857736092,428.1043078466,370.0517285062,149.5495831967,-423.3448809563,250.8296012001
2009,474.4166666667,141.3547960297,-382.1859787858,432.6512024558,147.9117566471,255.1345582301,-463.8577987431,-187.1808828583,384.2154188476,-452.8686291305,281.0783720436,-194.6384099419,450.7696594234,399.9719125237,99.5344973181,-435.929456109,278.2978360155
2010,783.75,628.5270425245,-743.9328370487,765.9692200965,124.9133729092,335.3953664848,-779.2921271098,-243.4618852009,596.726452622,-468.2070261277,246.6333239056,-165.9976396363,773.7316794396,708.3600854371,83.4736073541,-744.9767600096,508.1157380373
2011,570.3333333333,570.2905637965,-570.3226408489,570.3285811098,1.7461787252,177.570736263,-570.3321452762,-127.8837118676,403.9034631221,-6.9845512163,3.4923410818,-2.328235471,570.3306602059,541.9859266938,1.1641201605,-555.8109996663,402.6687268576
,,-9.8191421439,-5.8583812644,15.5606385876,100.6293515556,27.1900708251,-83.3489333863,16.4507869876,-8.4308144982,-22.6701953648,-1.3454026061,-54.8966351851,23.2687154588,-23.1786838603,75.116302179,-26.6444992891,-87.912604162
,,,,,,,,,,,,,,,,,
,,,,,,,,,,,,,,,,,
u,R^2,,,,,,,,,,,,,,,,
10,610.3533103212,,,,,,,,,,,,,,,,
20,36.130739212,,,,,,,,,,,,,,,,
30,3255.7740279057,,,,,,,,,,,,,,,,
40,10667.6995135958,,,,,,,,,,,,,,,,
50,1276.5513369697,,,,,,,,,,,,,,,,
60,12589.5035496777,,,,,,,,,,,,,,,,
70,980.5577348752,,,,,,,,,,,,,,,,
80,7799.7046036412,,,,,,,,,,,,,,,,
