Year,annual_mean_westup,Cos 10,Cos 20,Cos 30,Cos 40,Cos 50,Cos 60,Cos 70,Cos 80,Sin 10,Sin 20,Sin 30,Sin 40,Sin 50,Sin 60,Sin 70,Sin 80
1871,903.5833333333,903.110635805,-903.4651512226,-460.2028430395,7.3070987938,-734.4349918157,447.5663198648,-196.9932336428,-641.5081499727,29.2236167085,-14.6137197222,777.6092743377,-903.5537873226,526.3725705947,784.9504631506,-881.8483464727,636.3412086266
1872,756.9166666667,597.7969565677,-716.0325830528,-512.4525578303,124.390201159,-665.6133666175,304.1701484203,-98.17035931,-577.5274264938,464.286160677,-245.3980038316,557.0594369105,-746.6256881018,360.3910188365,693.1113626884,-750.5234312337,489.2697741791
1873,774.1666666667,215.7666142387,-619.0207380617,-631.0887997061,245.0599991788,-721.5949080543,235.336052634,-31.2290132531,-628.112772707,743.4909521694,-464.91650178,448.3982099244,-734.3566058669,280.4190015814,737.5303180944,-773.536538574,452.5575903022
1874,926.75,-313.9044741961,-532.8952012538,-850.5261596224,427.2030750931,-899.0637458499,187.9367500916,45.7299365966,-792.0782828555,871.9687744293,-758.2138662545,368.0636008872,-822.4129711593,224.8331456845,907.493989217,-925.621053887,481.121145169
1875,735.5,-608.1761362938,-216.3870395332,-720.9728474195,436.9253840322,-730.2591537649,73.0914520412,101.9629654108,-656.6273181781,413.6206441206,-702.9487172775,145.4592839384,-591.655692771,87.6459830376,731.8592006927,-728.3981079634,331.362060324
1876,594.6666666667,-594.3854519051,9.1440976834,-594.6354183928,423.7134258751,-594.655417225,-3.0481393426,134.8716931056,-550.2711581718,-18.286033141,-594.59635882,-6.0961985986,-417.2473812712,-3.6577601635,594.6588545469,-579.1701570724,225.4553102695
1877,411.5,-325.3956859555,133.1013246164,-401.619036309,334.7412770183,-407.9336887132,-45.0888930826,128.8609388858,-391.8407109356,-251.8926310187,-389.3793617866,-89.6348128475,-239.3335067644,-54.0588162359,409.022299784,-390.8031581621,125.6706300354
1878,675.6666666667,-189.347078476,405.3331562354,-614.4621762674,604.31595503,-653.4153403423,-143.7947043759,268.2245958176,-657.5871012243,-648.5931916981,-540.5834596995,-281.0012070813,-302.2046838497,-171.9704551656,660.1882515146,-620.1459591443,155.2567188496
1879,991.8333333333,334.4625022062,811.0069110523,-796.5796816587,945.5466802481,-919.9908920066,-311.1744528283,473.7125848032,-980.1933678626,-933.738826294,-570.9651051828,-590.9265367874,-299.4575705886,-370.6077707442,941.7557119647,-871.3952880927,151.5068404699
1880,568.6666666667,469.7137267552,543.3655846018,-376.3410897624,562.3058213974,-496.7024512581,-233.8473270458,315.2727375473,-567.0742256879,-320.5476449383,-167.7367558055,-426.3204920412,-84.8171032307,-276.8906872612,518.3601117094,-473.2704076289,42.527642049
1881,768,767.673455397,767.9183595099,-377.5166154298,767.9795896063,-618.6816194847,-387.2281235589,481.3374871687,-767.9948973846,22.3934338341,11.1979072851,-668.8087956019,5.5991024445,-455.0352224957,663.233277456,-598.446508425,-2.7995698227
1882,750.0833333333,593.8626678083,709.9547507962,-224.9191258327,739.9831866122,-543.8160745124,-443.8000221436,520.584140834,-747.5540322174,458.2053455908,242.0521819077,-715.5671832743,122.6779950752,-516.6130893099,604.7036855268,-540.0158879668,-61.5465341012
1883,487.4166666667,137.3373926834,390.2022175071,-46.3375192117,462.4749026313,-308.5434422051,-327.8637886293,368.3633540662,-481.14082263,467.6680954645,292.0911439894,-485.2090696368,153.9219652311,-377.3273793627,360.6665261015,-319.1918644414,-77.9648365832
1884,887,-297.7806615088,511.1934825688,101.0066090355,787.463529009,-471.0459270991,-661.9523631707,719.6930966266,-861.7566797626,835.521201186,724.8794543779,-881.2301997385,408.2526062143,-751.5881415798,590.4134728245,-518.4697162496,-210.1057469098
1885,911.6666666667,-752.2093423481,269.6033450619,289.7683058677,733.7998685016,-383.5617864514,-740.0365587683,784.4758339401,-866.0591755846,515.0895227001,870.8904336612,-864.3902128239,540.9934048565,-827.052880465,532.4302797527,-464.4715029743,-284.7413132949
1886,814.75,-814.4403809387,-11.2308087456,413.8420225118,572.1307809734,-247.4952016339,-707.4586031499,735.4509794878,-751.6518862805,-22.4594834392,814.6725915574,-701.8207341646,580.0723506277,-776.2497585624,404.1285529745,-350.6129194288,-314.3835306611
1887,810.5833333333,-642.5500765855,-260.9645161373,547.8355049015,471.9702601359,-147.5463364983,-741.9944979443,759.9994300966,-720.9773113534,-494.1404044983,767.4261277771,-597.4291588524,659.0063837513,-797.0416669558,326.3272978134,-281.8620345676,-370.4552021383
1888,879.8333333333,-249.2512052137,-526.6911693411,716.4141203389,394.1486060395,-50.5145368575,-837.9832092558,849.0209553199,-748.629339635,-843.7893879067,704.7716698211,-510.7421097026,786.6089058748,-878.3820216799,268.1246640087,-230.8031886091,-462.2345792798
1889,723,241.6381651992,-590.522393072,663.0761399152,218.8393358253,49.2376755195,-707.8605262192,711.8667752883,-583.5022878283,-681.4249754149,417.1478194603,-288.1996403106,689.0851508308,-721.3214618389,147.1817767954,-126.3910370266,-426.912262765
1890,813.25,670.2738372941,-776.6838998845,796.9300095682,121.9372398387,156.5869294586,-809.1597162431,810.2442245124,-616.6607749804,-460.5524351678,241.1175691655,-162.1052816831,804.056510477,-798.0326409507,81.462360077,-69.8559886077,-530.1934091448
1891,897.6666666667,897.3638102596,-897.5909493716,897.6330142727,-5.8296179936,281.825959739,-897.6582535288,897.6604855832,-632.6817488644,23.3160133983,-11.6589901234,7.7727814963,897.6477371433,-852.2790463585,-3.8864271727,3.3312260519,-636.8039330111
1892,752,596.8403796093,-712.1544655011,734.2028812582,-122.400657562,323.6735464365,-747.5374795641,748.7205521537,-486.5484074136,457.477388805,-241.5367824305,162.6349567347,741.9717508291,-678.7778983859,-81.8029134377,70.1536512422,-573.3887400737
1893,885.5,252.2087367357,-709.7327265878,805.8734998082,-278.9640842533,478.2576020034,-865.364441747,870.6915800427,-518.2120962472,848.8233050018,-529.5183724955,366.985220829,840.4101913332,-745.2381606748,-187.7621712697,161.2650688857,-718.0295769
1894,1027.25,-341.7809726281,-593.3582637698,825.9978764591,-472.0780052293,658.7465065785,-975.6405283435,989.2476684616,-533.9945840682,968.7251050992,-838.5514494151,610.7127561997,912.351313628,-788.2230665051,-321.5091319911,276.8241552741,-877.5490565694
1895,827.0833333333,-680.9283132211,-245.8479013718,548.3469315454,-490.2704042251,605.707668742,-754.1867965708,773.3138606964,-373.2106376542,469.4714821282,-789.6997212035,619.1788779848,666.1094287117,-563.1918503538,-339.5130574161,293.3470864565,-738.0925824173
1896,496.3333333333,-496.1857823396,6.0512179165,244.6647486485,-353.0936128968,402.9600827322,-428.8251671856,446.4280011822,-188.5399797258,-12.1015363404,-496.296444214,431.840177087,348.8146761667,-289.7756882524,-249.9114918645,216.9073939225,-459.1290165332
1897,795.1666666667,-631.8701248111,254.8018513135,239.6456081099,-646.1036939019,698.6455788694,-641.4235056341,681.203693119,-243.4439434211,-482.7319889432,-753.2370439278,758.1952323059,463.5084082346,-379.7161873086,-469.9637371094,410.184783066,-756.9841967897
1898,701.3333333333,-200.8247191893,418.9411502345,67.7858944055,-626.7718236363,653.3020853708,-519.3307961795,565.9888373234,-161.6979779313,-671.9656811229,-562.4560045769,698.049795476,314.6832145825,-255.0780854848,-471.3427294273,414.1558649467,-682.4384282683
1899,544.5,180.3450237347,444.2286097403,-61.1429836158,-518.8269114086,528.0222428384,-362.7588010105,408.846079432,-83.6032198483,-513.7664084135,-314.8669437846,541.0561759693,165.2237452614,-132.9389373658,-406.0619439068,359.6180381086,-538.0434477168
1900,737.4166666667,606.4393510349,703.9111538587,-233.2700458813,-728.9921662768,732.021281143,-431.1415780291,507.8386637055,-55.7331454157,-419.5410037102,-219.7553816203,699.5487302342,111.1474776362,-89.0403517038,-598.2476744396,534.6804951779,-735.3075253116
1901,662.9166666667,662.7444952162,662.8736224066,-335.8103056285,-662.9059055143,662.9097795225,-329.275157357,411.632070864,1.8886168557,15.1076472388,7.5543141334,571.567971092,-3.7772183824,3.0217805923,-575.3576085288,519.6321248544,-662.9139763732
1902,631.5,502.4242176767,598.3615727396,-426.0596015661,-623.160325753,626.1583667429,-254.6915895853,346.1976440955,51.3152233114,382.5730720947,201.8803563217,466.1174378988,-102.2910475431,81.963099977,-577.8619594631,528.147177615,-629.4116283137
1903,675.1666666667,194.3620053861,541.7918304483,-549.137089581,-640.9562434242,653.2046650141,-206.2655684577,318.0570153784,107.4656629485,646.5859870428,402.8791881412,392.8084579339,-212.1912387291,170.803083642,-642.8876597405,595.5583621665,-666.5591939692
1904,776.1666666667,-255.9091254352,449.3364894964,-711.3425760548,-689.6356645754,720.4068127091,-158.6100537954,302.8250862709,183.2518478168,732.7654563116,632.8755119702,310.5260599953,-356.1423094638,288.8749186878,-759.7878291204,714.65492482,-754.2237431401
1905,365.25,-300.0442600868,109.1246913015,-357.8038948838,-294.3342963349,319.3108067525,-36.8760755348,111.8001239859,113.8023742364,208.2810708849,348.567589211,73.3753044696,-216.2750205203,177.3363222553,-363.3837056792,347.7187006428,-347.0685553578
1906,792.25,-792.0719893394,-8.397289619,-792.2302203793,-557.2285481736,638.9636007873,2.7991431293,173.9522892732,305.1194398997,-16.7936358179,792.2054960849,-5.5982513162,-563.1664119959,468.3861434425,-792.2450550794,772.9169836125,-731.1375998369
1907,489.0833333333,-389.5882833686,-155.9829649143,-477.6763563325,-285.4065858744,355.12514394,52.8155390714,64.2052692606,223.1758304227,-295.6746123804,463.5426858456,-105.0133588897,-397.1719875368,336.2865431236,-486.223226283,484.8506887111,-435.1954223789
1908,750.4166666667,-217.1687078735,-447.3019985113,-683.431668097,-337.2404920046,475.951742514,158.5349477928,31.465107059,393.7348649384,-718.3055936937,602.5330660959,-309.9134212216,-670.3685733712,580.1681759706,-733.4792730129,749.7567076385,-638.8255080561
1909,771,253.0460341381,-628.3070476767,-620.6799424381,-234.5381272216,410.4834846347,240.7247020771,-36.8180561551,454.7593341055,-728.2916343107,446.8458949568,-457.3810326796,-734.4609362515,652.6440904828,-732.4565637701,770.1204001589,-622.6033633413
1910,766.5833333333,629.033119029,-731.3878287566,-509.1494710827,-116.1470774852,323.6286468629,314.1214002873,-105.062826184,499.306315366,-438.1407788703,229.612392721,-573.076629292,-757.7333721937,694.9205032765,-699.2694422223,759.3495963643,-581.672769158
1911,600.6666666667,600.5512197914,-600.6378042545,-296.9272546513,2.9442052369,183.374693219,302.0315713221,-135.3006094345,425.7751345429,11.776113599,-5.888339738,-522.1442807211,-600.6594510203,571.9914040712,-519.2084113043,585.2300312964,-423.6932608025
1912,676,539.1303704841,-640.8697724371,-204.7577328579,108.9679627975,124.1073119739,399.0988427621,-210.6661785804,515.0914204542,407.81667894,-215.0858776777,-644.2439528897,-667.1596383803,664.5098758594,-545.6153532535,642.336174602,-437.7862818482
1913,457,132.9511874052,-367.1564330392,-44.8947500205,143.2803372781,26.9646952787,306.864871923,-180.7505421504,370.3566619734,437.2333264603,-272.1123916287,-454.7894693378,-433.9582294985,456.2037978892,-338.648712355,419.7359187779,-267.7404394781
1914,741.0833333333,-242.1120186315,-429.9879795628,82.0447864832,339.5199417978,-49.2915725752,552.271007203,-352.9136867235,632.7784277079,700.4186443682,-603.584993498,-736.5277726979,-658.7341770897,739.4422545523,-494.1672202275,651.6566861988,-385.7408046498
1915,679.0833333333,-556.6146280224,-203.9196614252,213.790945846,401.6688500483,-129.6923845006,550.6069567998,-375.5879141782,605.7725626,389.0171326337,-647.7429623665,-644.5522516331,-547.5548452091,666.5838724524,-397.4747196172,565.7631061976,-306.9100454727
1916,919.8333333333,-919.6840978641,8.2846773964,464.6915722615,653.3428975416,-287.3940016568,797.9762399333,-575.3554615037,850.605647867,-16.5686827185,-919.7960237093,-793.823093504,-647.4846865702,873.7837540964,-457.5229847919,717.6764271097,-350.0905496123
1917,946.25,-755.5711025098,300.3580419683,637.3015445715,767.9853057554,-405.9212155858,865.5736967615,-655.6448688924,900.5818003022,-569.6502186009,-897.3149442225,-699.4539325694,-552.7998124491,854.7613873107,-382.3234729579,682.2894315428,-290.4160523533
1918,315.5833333333,-92.2907780812,187.706431556,256.3824173077,281.8065485722,-170.0230029871,300.4187561886,-238.1714970556,307.0230367833,-301.7867667061,-253.6910243392,-184.013304881,-142.0489685271,265.866543087,-96.6509762386,207.043904204,-73.004761229
1919,734.8333333333,238.9637224517,598.1548865021,672.9922533936,699.8300425374,-470.3293187728,719.2069134284,-595.5434311934,726.029775802,-694.8930616503,-426.8380952204,-295.061781073,-224.0935950443,564.59752008,-150.7363375385,430.4742144892,-113.4054338496
1920,549.5833333333,449.9672053992,524.0879300803,538.2028275405,543.1720868431,-401.8862969834,546.730804074,-472.4618798434,547.9781776397,-315.5492898787,-165.4499375095,-111.2634562879,-83.7013999419,374.872304358,-55.9219827466,280.7518697579,-41.9732904172
1921,831.4166666667,831.3045734552,831.3886428915,831.4042116166,831.4096606934,-674.2315547969,831.4135528984,-749.9247123558,831.4149151715,13.6520974078,6.8262787908,4.5508809333,3.4131681567,486.4827685821,2.2754489885,358.9799429067,1.7065876735
1922,849.6666666667,679.2640742831,805.9409054723,830.1392454384,838.663987282,-745.8829589841,844.770705572,-796.1722310601,846.9115299049,510.4250795492,269.0589179547,181.1139907005,136.2943904963,406.9300381412,91.0818283294,296.7207827796,68.3688888208
1923,719.3333333333,211.4607562955,578.5979671325,655.595258025,683.2441909016,-669.6518169381,703.2183041976,-693.8403637068,710.25374542,687.5498476411,427.3930706909,296.0326031022,224.9840439755,262.6916224699,151.4082596356,189.8051478113,113.9300731206
1924,892.8333333333,-288.9993921615,519.1931579269,719.6023642915,793.9472019432,-865.4659790219,848.4209859191,-878.8352075572,867.7597270883,844.7666615352,726.3537883655,528.5109255419,408.4105797328,219.3627139393,278.0884603199,157.4802815244,210.1057285148
1925,789.0833333333,-645.3336343901,238.1496290232,525.0323620674,636.6209272582,-783.1571835972,720.0509680962,-786.0579306428,749.9998234316,454.0892062902,752.2880174112,589.0615636131,466.2255912338,96.5263317677,322.7678891838,69.0321419195,245.2606201511
1926,721.8333333333,-721.7539762519,-5.3517560938,357.8224043198,508.5175931916,-721.8301589942,624.2321282835,-721.831713772,666.3738854664,-10.7032180023,721.8134937903,626.9022954798,512.3018822196,-2.1407189121,362.4604959575,-1.5290860351,277.4692881735
1927,839.5,-671.9387075709,-265.2053025433,255.5551384407,490.9788175242,-832.5714481366,677.9744791366,-835.9626383571,747.3074893615,-503.2480732878,796.5088809944,799.6573148647,680.9552487077,-107.6337946361,495.0867152727,-76.9851756577,382.481066648
1928,535.1666666667,-158.1361823638,-317.6272560062,53.4218295785,241.2673219396,-517.9735886593,396.8582515042,-526.3715092468,455.8078485333,-511.2693115556,430.7160170612,532.493633047,477.6959707547,-134.5612223582,359.036055744,-96.6250245244,280.4328196317
1929,524.25,168.9031951165,-426.2543621711,-57.2094395469,160.2719768578,-486.8979877903,349.8899925816,-505.080132688,423.592166103,-496.2960539632,305.1971186464,521.1191250825,499.1502338316,-194.3409683668,390.4037084752,-140.4710719822,308.8814324561
1930,614.5833333333,502.0589153621,-585.7771399364,-192.555581574,94.0845533511,-537.7588804023,360.118884839,-574.9751224304,466.6559075083,-354.470759184,185.9511116908,583.6394620104,607.3390901562,-297.5366534724,498.0231544751,-217.062853103,399.9311660757
1931,772.6666666667,772.5989881843,-772.6497468608,-389.2817852953,-2.5566941544,-623.8960436833,384.8562837863,-695.5134764266,545.4531627133,10.2264966872,-5.1133603157,667.4379891908,772.6624367037,-455.8152086692,669.9995661252,-336.5631915211,547.2610209616
1932,654.8333333333,524.7553951416,-621.4636027273,-440.2602794609,-104.5265801726,-476.1933021575,265.0562092375,-561.5201552589,424.4756798263,391.7122281907,-206.3726845529,484.7448615234,646.4370723294,-449.4959770951,598.79203434,-336.9002963526,498.6252016098
1933,892,264.9335945381,-718.3260980669,-723.8386322277,-278.3137802233,-566.8485903968,273.8612240286,-720.6983435775,523.1673288924,851.7477270208,-528.8398782581,521.2692533564,847.470022914,-688.7283031539,848.9193306631,-525.6024139638,722.4679549846
1934,687.6666666667,-220.5157831571,-400.7768025307,-629.3544070027,-314.0737147318,-367.0431086292,141.5969583518,-517.0676269495,358.4043944675,651.3510833822,-558.8053319339,277.1253774572,611.7541549994,-581.5193899195,672.9307139892,-453.3503210601,586.8830671189
1935,664.4166666667,-542.1572213028,-201.5331401497,-650.4431923689,-392.1399812206,-281.4558303666,68.1329920622,-458.3322434128,300.7533605425,384.0768859665,-633.1144449196,135.5476316482,536.3541200297,-601.8572276687,660.9140657734,-481.0208535944,592.4499329622
1936,1016.5833333333,-1016.5144296544,5.9180373263,-1016.5756772921,-720.9222744939,-311.8893086257,-1.9726890132,-632.5064837713,387.6622916481,-11.8358740897,-1016.5661072676,-3.9453705981,716.7375724416,-967.5570953572,1016.5814193212,-795.8499994335,939.7657267879
1937,583.8333333333,-468.4146615128,183.555533692,-570.6128942834,-473.3007501569,-108.1002724452,-62.122994932,-320.8433295484,179.628236196,-348.4954318079,-554.2280461706,-123.5406248511,341.8300177164,-573.7383482114,580.5188150368,-487.7713798444,555.5133282579
1938,595.1666666667,-177.6757969357,352.4745730557,-542.8200514961,-531.0388299557,-36.0632390865,-124.8097761844,-281.2064473871,138.1425908542,-568.0269996175,-479.567551509,-244.0691557837,268.7398783032,-594.0730627606,581.932883484,-524.5438924047,578.9127617381
1939,618.6666666667,197.4558430597,502.4479041075,-499.2131989599,-588.895667522,40.1660983359,-192.2262712118,-242.2826460774,95.964380903,-586.3101862377,-360.9633611635,-365.4238996409,189.6057415225,-617.3614249279,588.0454957743,-569.2517578842,611.1786007726
1940,710.0833333333,578.7662759267,676.457916913,-473.3117789638,-701.6266217794,134.5025401909,-289.9375230677,-218.4272272844,54.7949355746,-411.3975426856,-215.9236599435,-529.3338267784,109.2630948134,-697.2283750393,648.1933145252,-675.653673607,707.9659986985
1941,438.8333333333,438.8111700923,438.8277924881,-218.1422494394,-438.8319481198,136.4456013199,-220.0529526978,-97.0352349755,-0.5513065644,4.4103794254,2.2052175565,-380.7737562568,-1.1026122587,-417.0818772434,379.6727438905,-427.9706270501,438.8329870298
1942,963.3333333333,773.8057083281,914.7250798647,-294.7127455425,-951.1036408775,411.8631643404,-567.4964755713,-127.9840842027,-76.7504736113,573.7907605303,302.1409263531,-917.1453040418,-153.0129910194,-870.8500703167,778.4335946792,-954.7937920315,960.2710429413
1943,759.5833333333,227.9135957482,612.407629381,-77.0273412942,-721.8522940192,408.2118071754,-509.1454387597,-33.0581153486,-119.7077036207,724.5841794787,449.3592502149,-755.6676709843,-236.4235730567,-640.5700279909,563.682324069,-758.8636249599,750.0912650948
1944,617.3333333333,-196.0982656331,360.5845590567,66.389863765,-549.4093702493,394.367639207,-459.3936875611,28.4978000964,-144.7959366555,585.3596455685,501.0780580052,-613.753069592,-281.5133892494,-474.946954502,412.3807515796,-616.6752142206,600.1121404975
1945,773.8333333333,-630.0120302189,235.8958651538,241.2796203222,-625.044842963,565.0291574863,-626.7089598199,104.8355104552,-239.9348801914,449.3360318928,737.0014712204,-735.2565352276,-456.220310884,-528.734412506,453.9316109935,-766.699121902,735.6964598564
1946,728.1666666667,-728.1406226321,-3.0793179344,365.8597344171,-513.8017311029,589.8223581434,-631.1234260121,162.8899573902,-279.3683952953,-6.1585808002,728.1601556289,-629.5818844096,-515.9791425631,-427.0085248313,363.1940467343,-709.7137142721,672.4433018141
1947,688.5833333333,-553.7629409419,-215.4472965648,462.1388125301,-403.6047505408,603.9493759393,-629.43152564,213.5452691497,-313.2343391679,-409.2598345597,654.0102975851,-510.4652043947,-557.8980303652,-330.7448536969,279.2184834048,-654.6338098267,613.2138743623
1948,865.5833333333,-261.0337059761,-511.5115255853,701.5955754555,-391.457951503,805.2964461683,-823.5666165524,341.0849483591,-452.9873223516,-825.2853514323,698.2767833301,-506.9498549617,-772.0072403478,-317.3832710353,266.4067098345,-795.5473367105,737.588633815
1949,770.75,243.6673797824,-625.2448302334,704.8969155654,-236.7996089498,746.8222304505,-754.1070415306,365.9614702098,-453.6200303679,-731.2193723706,450.6933156442,-311.7304940592,-733.4722269461,-190.5573892689,159.3051550139,-678.3271812495,623.1247311326
1950,759.25,617.4361581608,-722.9277161596,743.0344317017,-117.4259213415,753.3990272829,-755.1852272024,418.9185850521,-493.6116549077,-441.8519583476,232.0260323934,-156.0781720991,-750.1144682627,-94.0769269759,78.4591302224,-633.2201683443,576.8952215431
1951,612.0833333333,612.0689097693,-612.0797274317,612.0817307095,1.0505028042,612.0827563886,-612.0829326772,382.0968563687,-433.1795252563,4.2019802734,-2.1010025141,1.4006698708,-612.0824318572,0.8404023919,-0.7003353938,-478.1715166105,432.4367073262
1952,672.8333333333,541.7329080749,-639.2185278763,657.8234776027,106.341811168,667.416857081,-669.0703466844,465.424600922,-511.983891214,399.0365280938,-210.0103998949,141.3257469786,-664.3764848653,85.2023082345,-71.0602957496,-485.8854137561,436.5514741491
1953,675.1666666667,204.6347950929,-544.9828530627,616.2240084364,209.6375103422,653.7454106189,-660.2665891418,508.8437799774,-546.5300937935,643.4086014463,-398.5520262719,275.8949060865,-641.796028373,168.7215631524,-141.0604800819,-443.765743784,396.4276533693
1954,752.25,-236.681803006,-440.3613153927,607.7108683255,342.5042065405,699.0965788913,-715.2029653175,608.9560966179,-641.6887297865,714.0460675795,-609.8868537734,443.359406147,-669.7543810996,277.7481518976,-233.1625632495,-441.6475233621,392.5756443858
1955,872.0833333333,-708.3851173122,-267.16894083,582.328828943,513.5833719055,763.7421861664,-796.3568944005,748.9959027674,-777.3084455972,508.6451276168,-830.1506473728,649.1706056651,-704.8130676853,420.9836259849,-355.450470556,-446.6928227713,395.3744056978
1956,897.9166666667,-897.9041862417,2.3671060024,447.5909898078,635.7593114572,725.8728984489,-777.2238255085,809.2881759852,-829.7931133794,-4.7341955542,-897.913546555,778.4064787248,-634.0855132971,528.5478933599,-449.6414853411,-388.9819899281,343.0710265614
1957,806.25,-649.9142877137,251.0434902869,247.8784094011,652.8563687917,587.1838383069,-651.878451124,755.0396645882,-766.9434496227,-477.1273217136,-766.1698431057,767.1996849926,-473.0936738407,552.4981470839,-474.4402464591,-282.7616795085,248.6700777754
1958,960,-292.4209701208,566.0723755334,98.8720081523,855.8707497374,611.2410151953,-712.9225511324,925.5732656242,-933.6048199715,-914.3795580795,-775.3464165507,954.8949293006,-434.839349351,740.2596985808,-642.916352325,-254.7825150235,223.566634644
1959,654.4166666667,204.9107337709,530.2632237718,-69.3416125602,622.6051176178,350.1768055649,-437.5402076714,643.9718601658,-646.4148587913,-621.5084591513,-383.5128252436,650.7325982143,-201.5540650229,552.8448050362,-486.641285016,-116.4534968378,102.0245261936
1960,995.5833333333,807.7771673515,947.4691705996,-308.9138412637,983.4812374182,423.1782683622,-584.6523333627,991.6262206292,-992.5531981286,-581.9641067254,-305.7586374485,946.4451448905,-154.7605545915,901.1694218054,-805.8336197408,-88.6770103895,77.6165091701
1961,1087.1666666667,1087.159306081,1087.1648265187,-544.7377828755,1087.1662066296,335.1919353419,-543.0058017623,1087.1665164505,-1087.1665516574,4.0005390451,2.0002729082,940.8464853626,1.0001368773,1034.2039100646,-941.8471533979,0.5715068413,-0.5000684916
1962,656.75,530.0213708825,624.2644062523,-439.9980827128,648.5777560579,122.628969015,-266.7881384904,654.0777736628,-654.7037512459,387.8116925878,203.996356797,487.5676873102,103.2833812716,645.199735321,-600.1205309443,59.1846981935,-51.8030945455
1963,841.4166666667,257.5759499478,679.9671698557,-681.2216493634,800.036785544,52.3219493087,-259.6061993442,827.8293704295,-831.007308105,801.0222449801,495.607359573,493.8816370175,260.6206989494,839.7883189025,-800.3665586508,150.6005989323,-131.9426421618
1964,789.9166666667,-246.1433362802,463.4304783682,-721.9162362297,703.5765057839,-50.0287995475,-163.8820816054,761.3684888473,-768.0283681192,750.5876353116,639.6878394946,320.6326373682,359.0939163878,788.3308058764,-772.7295798703,210.4432571222,-184.6639272896
1965,552.0833333333,-447.4241611912,169.9714455726,-540.1108588753,446.4495543662,-103.7110098639,-57.4882753569,516.8129702804,-525.0111261126,323.4310234451,525.2672792344,114.3515066337,324.7750026566,542.2545835467,-549.0820568375,194.1658072226,-170.7610154642
1966,699.3333333333,-699.3318101334,-0.7298028785,-699.3331640888,494.2452506759,-216.3834994607,0.2432676654,629.9870622826,-646.0299102017,-1.4596049621,699.3329525332,-0.4865353014,494.7612993105,665.0152571725,-699.3332910222,303.6172137208,-267.7918337737
1967,969.5,-783.332894522,-300.4072309057,-948.1951010925,569.5109479355,-413.1032925664,101.624552867,832.1404429885,-863.7334988362,-571.2441040044,921.7840016075,-202.1294146438,784.5938632067,877.0837586404,-964.1590637725,497.4661125574,-440.3347510568
1968,583.8333333333,-179.609064479,-343.5109913084,-533.2434457976,264.8661869877,-312.9764928799,121.5237891791,472.2599896733,-497.7444474564,-555.5195271708,472.0821538264,-237.7241860327,520.295362368,492.856039849,-571.0458210815,343.2664610254,-305.1423047324
1969,767,237.8413014821,-620.7710037674,-620.3459449443,236.8096705272,-489.0379327799,237.1536002549,577.5242321959,-620.4522613765,-729.191686259,450.4801448251,-451.0653041314,729.5273675091,590.8729984543,-729.4156358937,504.7323659392,-450.919051885
1970,679.5,550.0515847486,-646.3282068101,-454.5373815434,106.1608060269,-495.409810655,276.4616603087,469.5200233736,-516.6510029484,-398.9530099091,209.7143273161,-505.0901095643,671.1558189152,465.0692093729,-620.7166828589,491.1936457766,-441.3524568328
1971,879,878.9998925352,-878.9999731338,-439.374520557,-0.108663215,-711.1770310862,439.562735244,547.9989879963,-621.5084412275,0.4346528436,-0.2173264284,-761.308761729,878.9999932835,516.5929059283,-761.2001062696,687.2685858927,-621.5852777238
1972,553.25,447.531426049,-526.1569746576,-170.932790995,-86.5714048364,-484.8260498939,325.205316594,304.7721487143,-359.297879742,325.2709412145,-171.0099427495,-526.1820440329,546.4347667971,266.5131588576,-447.5791154187,461.7353136463,-420.7025030979
1973,658.75,203.6542679319,-532.9675466199,-68.8892608678,-203.542613676,-612.4833448444,440.7781538956,312.1727966441,-387.2130329295,626.4794503039,-387.1655417905,-655.1380253329,626.5157355709,242.519514242,-489.5571279722,580.0859484037,-532.9330442274
1974,567.6666666667,-175.1696848843,-333.7719680599,59.2505499851,-257.6569656628,-549.8193529746,421.8293533247,223.1415935537,-296.6329159106,539.9639117034,-459.1750404605,-564.566042878,505.8244087526,141.2236649401,-379.8755600432,521.9705678204,-483.9983033471
1975,857.5,-693.3389045485,-265.299961694,264.7701242917,-503.8906294264,-850.7215880056,693.6665739317,265.072902221,-389.3713107478,504.5665599696,-815.427605815,-815.5997984812,693.8302988313,107.6058999369,-504.1159928131,815.5014448228,-764.0001520723
1976,754.5,-754.4995450468,-0.4142838452,377.0107878286,-533.3655748353,-754.4999818019,653.3471089003,168.0074417191,-288.8303340949,0.8285675655,-754.4998862617,-653.5542179964,533.6585177626,0.1657135451,-377.3695871313,735.5567615942,-697.0274658194
1977,828.4166666667,-670.8923236144,255.4366762921,554.0281622695,-670.0306610632,-821.9137394603,756.716702947,111.3672145304,-256.1343463973,-485.981135155,-788.0522051337,-615.8952581596,487.1684378595,-103.5952629104,-337.1260967238,820.8967761777,-787.8257232452
1978,956.5833333333,-297.1787113677,561.5939241548,773.5668238446,-852.133516991,-926.6130127326,909.6792853859,43.1538362347,-223.5116926279,-909.2505084524,-774.3797117458,-562.7131086602,434.6494482128,-237.5710383143,-295.8636026125,955.6094495291,-930.1044010592
1979,469.0833333333,144.0381834745,379.2130567653,428.3982334037,-446.0502764947,-436.2135455692,458.7993270103,-20.9078554693,-73.4997383624,-446.4215220086,-276.1098172644,-191.0867008132,145.1837609723,-172.5019312153,-97.6849586476,468.617152045,-463.2892855136
1980,755.5,610.1571529957,718.2457723817,738.8660703199,-746.1283170589,-662.2223083695,751.3300094255,-101.1595057495,-59.4991868095,-445.5204806158,-234.3144478172,-157.661600049,118.6287675179,-363.6507449432,-79.2683224034,748.6968708339,-753.1534350775
1981,615.6666666667,615.6644377944,615.6661094484,615.6664190141,-615.6665273621,-498.2794748527,615.6666047535,-136.7679810582,-0.2070811385,-1.6566471401,-0.8283243198,-0.5522163057,0.4141622536,-361.6116831423,-0.2761081806,600.2832363158,-615.6666318406
1982,738.3333333333,598.6275105149,702.5392360483,722.3526018434,-729.3299140512,-538.525938817,734.3272824402,-227.8556468214,57.6520796239,432.1819232289,227.1007109716,152.7836042287,-114.9521099461,-505.0999151974,76.8085501426,702.2947496049,-736.0790370783
1983,1053.0833333333,328.7518521695,852.9910911805,962.5140450336,-1001.8121601748,-671.8004897554,1030.1922164986,-413.4277036439,164.3058397222,1000.4532605972,617.5683810811,427.2601316031,-324.5872805121,-810.9676990539,218.3769768317,968.5360296882,-1040.1865688316
1984,724.1666666667,-221.2669540527,426.7219285151,586.3800779833,-645.5366595622,-388.4737091701,688.8592989806,-342.8276559857,168.7323770721,689.5348404217,585.0861106158,424.9420728234,-328.1764499052,-611.1509947589,223.3612037018,637.8766020184,-704.2348656796
1985,852.9166666667,-688.0309065954,265.1733516596,571.5498619111,-690.5206772661,-363.766122739,779.4072245408,-469.4659513946,263.1636809664,504.063797398,810.6478482346,633.0857727253,-500.6476151404,-771.4538535942,346.3974864392,712.0874670706,-811.3024819992
1986,611.0833333333,-611.0777272147,1.3087791352,306.2969795222,-432.563644678,-189.3329551735,529.4316856376,-380.7117992424,233.5491451591,2.617552267,611.081931802,528.7768911491,-431.6381975458,-581.0127987945,305.163776554,477.9972449663,-564.6925155102
1987,465.25,-377.6496636093,-142.7516313493,144.4487509285,-273.8999507254,-87.599751377,376.6047954219,-321.2957474093,210.9805801786,-271.732026224,442.808688089,442.2579799791,-376.0802833075,-456.9287100399,273.1783127652,336.491612372,-414.662220714
1988,852.3333333333,-267.3709517246,-499.2909655657,90.4832939035,-387.8851493208,-54.3555590758,633.874608505,-641.4735609116,444.8958691874,-809.3113648559,690.7826306556,847.5168934219,-758.9579843756,-850.5983683905,569.8026779541,561.2341594758,-727.0074117167
1989,634.6666666667,192.9577873706,-512.4771475372,-65.238348637,-196.9131976374,39.1873279465,425.0865632489,-513.1767721651,372.7113729219,-604.6230809942,374.3914409144,631.3047882322,-603.3464762258,-633.4557057176,471.2782527584,373.4318924356,-513.700311731
1990,701.6666666667,565.3593865453,-666.7195614864,-215.5903123038,-110.7276361202,130.7130395447,412.9549462782,-602.0589862097,455.3252792053,-415.5777606613,218.6804459539,667.7251892447,-692.874809551,-689.3839368626,567.2779948628,360.3624401006,-533.8679623538
1991,517.8333333333,517.8243932542,-517.8310983087,-258.0377738837,-0.7607135592,159.4404044031,259.3557407645,-466.3629412421,365.8944098186,-3.0428378202,1.5214254767,448.9631035622,-517.8327745768,-492.6764846782,448.2030352905,225.0710291154,-366.43231568
1992,632,513.5901093451,-601.6697387712,-421.9198322226,97.8997576518,268.3838218626,257.6535134976,-591.503686415,480.2586005664,368.3058505955,-193.4361017156,470.539748775,-624.3713938448,-572.1836454867,577.0950242225,222.5924278978,-410.8231694805
1993,628.75,198.1850230637,-509.8702755365,-507.8658771849,193.3204939426,336.209278706,194.9434433625,-605.9357483719,508.3683817206,596.6986334266,-367.9114902043,370.6734591136,-598.2923609088,-531.3095928101,597.7655195727,167.8345356145,-369.9839874465
1994,610.4166666667,-184.6586602701,-360.4786977557,-557.0765371247,276.1940457868,388.4512257825,127.592523438,-600.5003597853,520.1932120505,581.8158524239,-492.6089883557,249.5480689759,-544.3577463548,-470.8653227118,596.9327055098,109.5802210354,-319.3861754696
1995,653.25,-525.731377972,-204.085202599,-638.6493938801,383.0253933502,475.5587786868,69.0573889886,-650.560054364,581.7847113435,387.7397074271,-620.5520063461,137.3408686321,-529.1758786537,-447.8609276482,649.5895931479,59.2214333319,-297.0894009334
1996,909.25,-909.2246399036,-3.3954872735,-909.2471821999,641.7352318895,734.7995529657,1.1318314296,-909.2494824447,839.7122489566,6.7909271948,-909.2436599538,2.2636611054,-644.1362081515,-535.5419493013,909.2492955497,0.9701412918,-348.739016246
1997,840.4166666667,-683.737523354,256.5889352243,-822.5023415356,678.9483747885,735.831270229,-86.7625996966,-837.1166857467,799.0305700002,-488.6749152237,-800.2888802999,-172.5980063024,-495.3072561383,-406.0203386093,835.9260881831,-74.4031454682,-260.4809432882
1998,860.9166666667,-272.6659741854,503.2071270041,-787.4297694663,766.2887541155,799.9452331233,-177.8568168239,-847.2588210279,836.9254049322,-816.5970692245,-698.5414048407,-348.0400337644,-392.4016466079,-318.2218266365,842.3446204813,-152.7416025019,-201.8251062767
1999,716.5,215.6622493505,577.8815846086,-580.8410259698,680.9641713674,693.6886284099,-220.4536854905,-690.9082916697,707.5602726216,-683.2730378151,-423.5860292434,-419.5187153756,-222.845343936,-179.3553367337,681.7421965477,-189.7840417477,-112.830450711
2000,797.25,640.867171688,757.145598656,-535.188750874,787.1600507611,790.7875149373,-323.2091666907,-746.7625513823,794.7235094576,-474.2328866207,-249.6759999196,-590.91502218,-126.4381943313,-101.3048306812,728.7958541781,-279.2011002003,-63.4200758069
2001,682.8333333333,682.8052999321,682.826324947,-343.2012696337,682.8315812345,682.8322119899,-340.523196099,-615.5945789003,682.8328953085,-6.1873658176,-3.0937146617,-590.3170755051,-1.5468613,-1.237489421,591.8659595125,-295.4736461,-0.7734311461
2002,555.1666666667,452.1803240823,528.7936606233,-173.2059515648,548.5337918946,550.9185755729,-325.6162288652,-476.9632836444,553.5059640952,322.0915743863,169.0777698646,-527.4558996924,85.5611297701,68.5474351564,449.6488621997,-284.105708906,42.9089208536
2003,988.9166666667,314.6991294564,802.8596974927,-106.548882139,941.2538205651,958.323266098,-660.5256271521,-800.8549714458,976.9282891624,937.5076701182,577.3841699883,-983.1599612098,303.3107628866,244.0751754407,735.9769490185,-580.1616053495,153.5164207677
2004,652,-195.257628599,385.8730530585,65.9870740779,581.6756959828,606.6939037395,-483.8013912231,-491.615959341,634.1752730046,622.075926615,525.5530296015,-648.6522227316,294.5460655024,238.8022344228,437.0814727835,-428.2729836463,151.4124271967
2005,692.25,-555.8066962136,217.316447889,211.6475459221,561.0915137262,607.3113720631,-559.3402703921,-479.1263750138,658.6446928644,412.6608522069,657.2546112253,-659.101948719,405.4458974073,332.239311134,407.8584612555,-499.6478552602,213.0662597914
2006,569.0833333333,-569.0510354214,3.0315180473,282.7896199636,403.4730639542,461.1097981621,-492.3345914308,-355.4944284963,526.0540069342,6.0629500683,569.0752587981,-493.8480243138,401.3294493819,333.5170075373,285.4163456398,-444.3867140068,217.0783777032
2007,698.1666666667,-569.2974628692,-212.0992485268,465.2638902336,411.9199370618,509.9891947794,-637.2866049939,-385.5307834741,622.5052063383,-404.1498400534,665.1696048519,-520.5441449956,563.7008602934,476.8099366128,285.1358931104,-582.0676158646,316.1075173517
2008,898.5,-287.2824283235,-524.0128758682,724.9089124418,410.1686732507,574.2873797692,-854.0002657578,-427.0466857789,766.7590243733,-851.3348673563,729.8717393655,-530.8571546682,799.4147293388,691.0110385788,279.2593706315,-790.5272785712,468.3832282887
2009,440.5833333333,131.2739867572,-354.9301369823,401.7964003835,137.3633334609,236.9394711685,-430.7774779474,-173.8319563801,356.8148462053,-420.5720081175,261.0330850157,-180.7576450664,418.622727801,371.4476552806,92.4361298649,-404.840863244,258.450844724
2010,672,538.9093111024,-637.8601167422,656.754470054,107.1027580159,287.5734434167,-668.1777472635,-208.7481809953,511.6429679897,-401.448320967,211.4674241334,-142.3290766642,663.4101289741,607.359460815,71.5716288892,-638.7551932714,435.6666997909
2011,673.5833333333,673.5328210356,-673.5707051405,673.5777207934,2.0622972875,209.7171626554,-673.5819301969,-151.0350734988,477.0239176528,-8.248995833,4.1245752431,-2.7497263753,673.5801762777,640.1040685952,1.3748660516,-656.4319565024,475.5656515473
,,-5.5421415442,1.9562477672,-14.6091620109,156.754002457,24.4316448299,-108.2125301648,31.4942257296,-41.4782926531,16.6147322654,-8.6810376758,-58.7856939022,12.890771432,-86.8722568247,148.3091901809,-23.1756659491,-174.7672359501
,,,,,,,,,,,,,,,,,
,,,,,,,,,,,,,,,,,
u,R^2,,,,,,,,,,,,,,,,
10,306.764661145,,,,,,,,,,,,,,,,
20,79.1873204552,,,,,,,,,,,,,,,,
30,3669.1854222203,,,,,,,,,,,,,,,,
40,24737.9892743872,,,,,,,,,,,,,,,,
50,8143.6942749093,,,,,,,,,,,,,,,,
60,33705.5675767961,,,,,,,,,,,,,,,,
70,1528.9977464872,,,,,,,,,,,,,,,,
80,32264.0355230401,,,,,,,,,,,,,,,,
