Year,annual_mean_westrajasthan,Cos 10,Cos 20,Cos 30,Cos 40,Cos 50,Cos 60,Cos 70,Cos 80,Sin 10,Sin 20,Sin 30,Sin 40,Sin 50,Sin 60,Sin 70,Sin 80
1871,277.3333333333,277.1882501115,-277.2970601557,-141.2482764581,2.2427395357,-225.4172879058,137.3697973356,-60.4623703369,-196.8956122023,8.9694915066,-4.4853324021,238.6686032459,-277.3242648906,161.5574946914,240.9218058992,-270.6622979859,195.3097429041
1872,255.0833333333,201.4594829961,-241.3052666216,-172.6981481359,41.9198949408,-224.3138297056,102.5063111653,-33.0837245236,-194.6285866451,156.4659185106,-82.6999107925,187.7308088058,-251.6152407001,121.4529239963,233.5807421765,-252.9287925802,164.885476028
1873,288.4166666667,80.3840960043,-230.6168756116,-235.1128456171,91.2973796725,-268.8309985766,87.6747123968,-11.634404184,-234.004123395,276.9883945596,-173.2051682089,167.0512599083,-273.5853835205,104.470415982,274.767753598,-288.1819117336,168.6008417692
1874,211,-71.4689442195,-121.3281763847,-193.6455567093,97.2644713727,-204.696466549,42.7889444503,10.4116715639,-180.3382980119,198.5275547932,-172.6281368003,83.7997515913,-187.244819978,51.189418656,206.6158421632,-210.7429645213,109.540395609
1875,281.3333333333,-232.6311620358,-82.7693910564,-275.776606944,167.1266821315,-279.3286769896,27.9579358816,39.0014696608,-251.1640410344,158.2124738898,-268.8822648457,55.6390825488,-226.3119894397,33.5251346856,279.9407049103,-278.6168153732,126.7480529859
1876,255.75,-255.6290571604,3.9326283339,-255.7365609651,182.2276491046,-255.7451619203,-1.3109220351,58.0046561296,-236.6566962485,-7.864326753,-255.7197625026,-2.6218096271,-179.4467787446,-1.5731034111,255.7466402192,-249.0853716445,96.9622123342
1877,144,-113.8687212092,46.5773772655,-140.5422630097,117.1391103053,-142.752007715,-15.778373278,45.0934998774,-137.120443195,-88.1471175375,-136.259120528,-31.3667388822,-83.7521870573,-18.9173014289,143.132955453,-136.757362759,43.9770856017
1878,293.3333333333,-82.2029743753,175.9709805067,-266.7620696178,262.3571980396,-283.6731620627,-62.4269066851,116.4467904882,-285.4842866686,-281.5796786849,-234.6884284832,-121.9936172825,-131.1988760669,-74.6591023906,286.6135477715,-269.2296221247,67.4030155834
1879,299.6666666667,101.0525254523,245.0328391988,-240.673881301,285.6818906211,-277.9606156659,-94.0164117267,143.1247231518,-296.1498362321,-282.1143353515,-172.5080253939,-178.5390544688,-90.4763421137,-111.9732434546,284.5365098492,-263.2782268511,45.7753821484
1880,221.25,182.7505780386,211.4061587218,-146.4222733469,218.7751986826,-193.2510269769,-90.9825107425,122.6625319736,-220.6304321807,-124.7148296177,-65.2610033212,-165.8676591983,-32.999620322,-107.7293046129,201.6773295118,-184.134368736,16.5461444373
1881,290.1666666667,290.0432911993,290.1358211604,-142.6337733211,290.1589551876,-233.7510198618,-146.3029867874,181.8594976478,-290.1647387905,8.4607136079,4.2308065502,-252.6901287203,2.1154594956,-171.9219449577,250.5835798722,-226.1057663125,-1.0577367754
1882,281.3333333333,222.7397363094,266.2823284844,-84.3602898357,277.5450769917,-203.9687887517,-166.4558243258,195.2552004728,-280.3846697885,171.8588208771,90.7863755272,-268.3873803726,46.0127665119,-193.7657804144,226.8058707186,-202.5434549245,-23.084223878
1883,197.5,55.648764004,158.1089511868,-18.7758455346,187.3936603242,-125.0210220595,-132.8495775434,149.2598989805,-194.9570438764,189.4979289196,118.3545924525,-196.6054872695,62.3687908357,-152.8920993485,146.1411637648,-129.3357358054,-31.5911545054
1884,317.6666666667,-106.6459866283,183.0768090523,36.1741068812,282.0190692017,-168.6985225575,-237.0689974076,257.7480349813,-308.6261239436,299.2302535627,259.6054566036,-315.6002932547,146.2099713349,-269.1708000472,211.4483425787,-185.6826905622,-75.2464399869
1885,167.75,-138.4092693004,49.608001244,53.3184277616,135.021858802,-70.5767711267,-136.1694326143,144.3464217296,-159.3580548859,94.7783555023,160.2470240366,-159.0509596357,99.5447645316,-152.1807539649,97.9691182031,-85.4644547977,-52.393442748
1886,230.3333333333,-230.2458026915,-3.1749979925,116.9949217779,161.7438353902,-69.9679592223,-200.0015934444,207.915158771,-212.4952248828,-6.3493926793,230.3114496333,-198.4077436055,163.9889513281,-219.4491492959,114.2488821133,-99.1197820703,-88.877577861
1887,143.9166666667,-114.0828603129,-46.333475827,97.2665690311,83.796919837,-26.1964144271,-131.7389223759,134.9356446774,-128.007383233,-87.7331632126,136.2542328232,-106.0717751967,117.0046288413,-141.5123839656,57.9384438495,-50.0437682429,-65.7732223803
1888,208.5,-59.0667281156,-124.8135352994,169.7734541663,93.4040360211,-11.9707682532,-198.582495696,201.1981843351,-177.4077105292,-199.958424753,167.0144646612,-121.0339797761,186.4079828091,-208.1560729535,63.539298101,-54.6949780167,-109.5388252849
1889,242.4166666667,81.0195277276,-197.9978839842,222.3246301307,73.3752452646,16.5090362017,-237.3405106929,238.6837770071,-195.64409351,-228.4768618583,139.8666443995,-96.6312533038,231.0452632281,-241.8538649712,49.348984405,-42.3779998514,-143.140591561
1890,206.8333333333,170.4703006623,-197.5335013334,202.6826809866,31.0122173665,39.8246499556,-205.7930541772,206.0688764463,-156.8349260684,-117.1319955002,61.3232715103,-41.2281288183,204.495159238,-202.9631124951,20.7182680306,-17.7664272696,-134.8437382413
1891,173.0833333333,173.0249381646,-173.0687339254,173.0768446569,-1.1240360725,54.3401892293,-173.0817111566,173.0821415295,-121.9903446334,4.4956702403,-2.2480247388,1.4987065696,173.0796834428,-164.3319327224,-0.749360308,0.6423093678,-122.7851623527
1892,362.4166666667,287.6394958911,-343.2136270461,353.8395756419,-58.9894126482,155.9902763135,-360.2660127022,360.8361792239,-234.4857074293,220.4753062847,-116.4055260185,78.3798123714,357.583681777,-327.1282225267,-39.4238553347,33.8096441991,-276.3372817576
1893,449.75,128.0981133223,-360.4768986819,409.3072914046,-141.6872918045,242.9094935077,-439.5230465,442.228727413,-263.2025864338,431.1217181531,-268.9451022359,186.3936793538,426.8486544914,-378.5102910937,-95.3653715737,81.9073571218,-364.6909115875
1894,311.25,-103.5573888834,-179.7836549996,250.2719289831,-143.0365335874,199.5958629083,-295.6126692109,299.735543255,-161.7968501253,293.5173414087,-254.0755791,185.0419521705,276.4364530219,-238.8264097831,-97.4151543755,83.8759000526,-265.8915978167
1895,186.9166666667,-153.8863684187,-55.5603871816,123.9236440762,-110.7986414788,136.8868817117,-170.4424165953,174.7650367297,-84.3437239555,106.0981898654,-178.4681586559,139.9313071355,150.5373751739,-127.2785209414,-76.7282405828,66.2949637201,-166.8052052758
1896,221.0833333333,-221.0176092255,2.695413219,108.9817961995,-157.2796096399,179.4917897059,-191.0129564378,198.8538427025,-83.9819620907,-5.3904257742,-221.0669016957,192.3559418757,155.3736292596,-129.075705328,-111.3188696972,96.6177495091,-204.5112963167
1897,293.0833333333,-232.8953289625,93.9151237759,88.328820344,-238.1415522377,257.5074932806,-236.4165237178,251.0787454097,-89.7288146103,-177.9258441745,-277.6288706239,279.4563647055,170.8403973759,-139.9561759342,-173.2197090142,151.18632174,-279.0100000114
1898,211.1666666667,-60.4669484822,126.1403130578,20.4098688716,-188.7167064039,196.7047866362,-156.3669483744,170.4153652302,-48.6861544769,-202.3242675815,-169.3516534694,210.1780158907,94.7489621854,-76.8022657579,-141.9180699108,124.6994964086,-205.4775400704
1899,44.75,14.8217443749,36.5091465305,-5.0250661466,-42.6400446015,43.3957674325,-29.8135102759,33.6012158945,-6.8709716955,-42.2241446768,-25.8774944616,44.4669676302,13.5789946748,-10.9256518772,-33.3724003486,29.5553851338,-44.2193650787
1900,253.6666666667,208.611298966,242.140982297,-80.2434195573,-250.7686918462,251.8106881907,-148.3099744062,174.6932865092,-19.1718493214,-144.3194502536,-75.5944605777,240.6403361773,38.2340289213,-30.6293175033,-205.7934140575,183.9267066699,-252.941135388
1901,129.0833333333,129.0498080565,129.074951742,-65.3890840249,-129.0812379185,129.0819922665,-64.1165579819,80.1531210268,0.3677520439,2.9417656283,1.4709783272,111.2958877714,-0.735501103,0.5884020286,-112.0338071164,101.1829241231,-129.0828094785
1902,166.25,132.2692417874,157.5259088962,-112.1653345374,-164.0544800577,164.8437505479,-67.0506362131,91.140709946,13.5093521386,100.7169805792,53.1474413911,122.7110436274,-26.9293533714,21.5777757263,-152.1291381801,139.0411215812,-165.7002109377
1903,246.5,70.9606037931,197.8055090676,-200.4872267317,-234.0099442173,238.4817821663,-75.3065356082,116.1210381991,39.235180326,236.0653356792,147.0891926094,143.4124189791,-77.4699684227,62.3593583576,-234.7150947312,217.4354030225,-243.3574544262
1904,183.1666666667,-60.3916961248,106.0383942359,-167.8689051072,-162.7463163772,170.0079637465,-37.430201658,71.463339019,43.2453898971,172.9244656402,149.3515541454,73.280682829,-84.0456083532,68.1712552368,-179.3014438917,168.6505824302,-177.9883817288
1905,90.75,-74.548984539,27.1131163193,-88.8999410286,-73.1302871797,79.3359499324,-9.162228213,27.7778542142,28.2753332292,51.7495063184,86.6050889005,18.2308251351,-53.7356827165,44.0609753447,-90.2863005897,86.3941740817,-86.2326390109
1906,247.5833333333,-247.5277038316,-2.6242082106,-247.5771520718,-174.1375845823,199.6803258587,0.8747506298,54.3612339782,95.3518308554,-5.2481215962,247.5694255672,-1.7494903398,-175.9932060629,146.3737490446,-247.5817880131,241.541638615,-228.4853065231
1907,321.4166666667,-256.0303303719,-102.5091660716,-313.9202089581,-187.5640146051,233.3817822758,34.7094111771,42.194534595,146.6670945545,-194.3119747745,304.6318179088,-69.0128685019,-261.0142027483,221.0013966311,-319.5370563595,318.6350496437,-286.0025122024
1908,508,-147.0139303939,-302.8043290311,-462.6540198467,-228.2973946985,322.198980829,107.3213816485,21.3005322189,266.5416698128,-486.2621764749,407.8891250328,-209.7981361207,-453.8108632171,392.749050607,-496.5341086381,507.5532359538,-432.4575565919
1909,366.75,120.3691738264,-298.8736831847,-295.2456146422,-111.5653153807,195.2591673019,114.5081510853,-17.5136473345,216.3203447253,-346.4344447256,212.5560726011,-217.5674367513,-349.369064034,310.4503504339,-348.4156222603,366.3315911262,-296.1605492937
1910,252.75,207.3983530835,-241.1456989476,-167.871545363,-38.294824004,106.703520593,103.5688886913,-34.6402382668,164.626160942,-144.4592871305,75.7054448443,-188.9489527821,-249.8320815158,229.1220661417,-230.5559537189,250.3649663847,-191.7831839174
1911,115.6666666667,115.6444357756,-115.6611088104,-57.177445818,0.5669474013,35.3113310472,58.1603525243,-26.0540019277,81.9888855086,2.2676533956,-1.1338811815,-100.5460962321,-115.6652771943,110.1448486197,-99.9807540081,112.694129223,-81.5879919525
1912,229,182.6344006522,-217.0993755741,-69.3631964859,36.9137033737,42.0422698846,135.1976849002,-71.3647261759,174.4910285267,138.1509163865,-72.8619319352,-218.2424041594,-226.005262114,225.1076354612,-184.8312365312,217.5961301536,-148.3033410403
1913,183.0833333333,53.2629027588,-147.0902048481,-17.9857340983,57.4009666302,10.8025958292,122.9362005133,-72.4122795595,148.372280517,175.1644088682,-109.0136623647,-182.1977505717,-173.8523395711,182.7643588553,-135.6694422035,168.1545976577,-107.2621709579
1914,243.75,-79.6331557964,-141.4275093018,26.9853818131,111.6716327177,-16.2125098147,181.6476662621,-116.0769744368,208.1273924486,230.3749617426,-198.5253689398,-242.2516288251,-216.6645078137,243.2102321563,-162.5367276696,214.3366476028,-126.8741542337
1915,125.5,-102.8668094001,-37.6859749793,39.5102668357,74.2315975178,-23.9681839561,101.7565439858,-69.4116331761,111.9515866089,71.8934595345,-119.70805023,-119.1183815142,-101.1924894938,123.1900002348,-73.4564888629,104.5575209147,-56.7194169201
1916,348.5833333333,-348.5267785256,3.1395910083,176.1011819868,247.5931636543,-108.9118598415,302.4039329263,-218.0387656704,322.348561789,-6.2789273248,-348.5691943446,-300.8300416857,-245.3731150501,331.1322199117,-173.3845484132,271.9732283566,-132.6715681308
1917,601.8333333333,-480.5578601784,191.0335340462,405.3361298895,488.4535339644,-258.1737577244,550.5216413925,-417.0028395544,572.7874735167,-362.3085758464,-570.7096897555,-444.8662528416,-351.5913910618,543.6448030962,-243.1651362133,433.9492976312,-184.7102360278
1918,30.5,-8.9195734824,18.1411549906,24.7784432888,27.2355946072,-16.4321148913,29.0343978783,-23.0184230056,29.6726779674,-29.1666112,-24.5183297883,-17.7842275116,-13.7285245527,25.6950501109,-9.3409710334,20.010052532,-7.0556489595
1919,239.6666666667,77.9382701033,195.0888470833,219.497133223,228.250306457,-153.3984033557,234.5700933341,-194.2371181802,236.7953770931,-226.6401049339,-139.2136949256,-96.2347110871,-73.0883623665,184.1440766331,-49.1628154639,140.39961906,-36.9873018543
1920,214.9166666667,175.961398442,204.9465916114,210.4662763044,212.4095241802,-157.1591751206,213.8011741785,-184.7580270078,214.2889643871,-123.3967579374,-64.6998315143,-43.5100005711,-32.7317529113,146.5952498771,-21.8685054592,109.7890935718,-16.413815919
1921,191.25,191.2242153032,191.2435537172,191.2471349765,191.2483884225,-155.0928553933,191.2492837428,-172.5044817938,191.2495971052,3.1403792273,1.5702425403,1.0468348945,0.7851278861,111.9051772974,0.5234194075,82.575821286,0.39256477
1922,182.5,145.8992077952,173.1081387784,178.3057029727,180.1367332432,-160.2082856194,181.4483959595,-171.00992409,181.9082238615,109.6342609075,57.7911955983,38.9014946679,29.2746876409,87.4045491888,19.5634762693,63.7326906912,14.6849614082
1923,237.8333333333,69.915314929,191.3019692071,216.7595999077,225.9011724783,-221.4071229774,232.5052178151,-229.4045873516,234.8313472461,227.3247526839,141.3090620658,97.8773226661,74.3865224173,86.8537871326,50.0601451575,62.7553164798,37.6687243612
1924,222.3333333333,-71.9666210833,129.2894666183,179.1953619497,197.7087114788,-215.5183154779,211.2737717409,-218.8475204184,216.0895045614,210.3637719783,180.8766013962,131.6097768663,101.7023918916,54.6256972923,69.2495811213,39.2157355896,52.3205230238
1925,110.6666666667,-90.5061850745,33.3998001207,73.6342778357,89.2842529728,-109.8355412206,100.9850761043,-110.2423626459,105.185316878,63.6847043989,105.5062294986,82.6141890884,65.3867974611,13.5375402458,45.2672675928,9.6815592427,34.3970961623
1926,354.75,-354.7109994117,-2.6301576647,175.8543033006,249.9144994478,-354.748439949,306.7832105868,-354.7492040553,327.4940695487,-5.2601707499,354.7402497189,308.095482782,251.7743145473,-1.0520711624,178.1337256166,-0.7514799413,136.3642068523
1927,263.0833333333,-210.5728111774,-83.1102978091,80.0861199183,153.8634233595,-260.9120569552,212.4643071902,-261.9747914724,234.1919539323,-157.7083747637,249.6107342961,250.5973935902,213.3984236817,-33.7303841241,155.1507603847,-24.1256898502,119.8622917816
1928,226.6666666667,-66.9776418607,-134.5291398843,22.6264989806,102.1873428333,-219.3846404786,168.0869579713,-222.9415299208,193.0547100608,-216.545083686,182.4272137039,225.5345191355,202.3252943714,-56.9926074143,152.067591346,-40.924955887,118.7756570225
1929,254.4166666667,81.9681218711,-206.859730998,-27.7635382191,77.7794222456,-236.2898675447,169.8003731286,-245.1135980125,205.567776683,-240.8507157447,148.1110798327,252.8972641674,242.2358391175,-94.312983059,189.4615358409,-68.1701132986,149.8990642646
1930,173.0833333333,141.393405723,-164.9707280878,-54.2288736175,26.4967616692,-151.4474840129,101.4192439065,-161.9285870221,131.4229586298,-99.8285785525,52.3688757941,164.3687000129,171.0431580006,-83.7943904084,140.2568260128,-61.130785884,112.6314619579
1931,311.3333333333,311.3060634012,-311.3265157756,-156.8546969223,-1.0301778862,-251.3886560829,155.0715138293,-280.2457234609,219.781386529,4.1205987515,-2.060344493,268.9331673443,311.3316289392,-183.6632462886,269.9653126665,-135.6126060745,220.5098332951
1932,218.9166666667,175.4304432473,-207.7608659156,-147.182966931,-34.9441748681,-159.1956992578,88.6106721389,-187.7212328666,141.9060334569,130.9529172127,-68.9922425962,162.0545623851,216.1097211771,-150.270543628,200.1815569116,-112.6287959428,166.6948847835
1933,304.5833333333,90.4645261619,-245.2804454815,-247.1627616584,-95.0333395661,-193.5567636304,93.5129646697,-246.0904751285,178.6413104542,290.8387464743,-180.5782656047,177.9931914254,289.3780767704,-235.1739488067,289.8729590409,-179.472797369,246.6947286499
1934,258.8333333333,-83.0007298214,-150.8498241227,-236.8849719038,-118.2153366404,-138.1526775814,53.2961891227,-194.620946353,134.9011208454,245.1643801484,-210.3307514525,104.3082189023,230.2603496641,-218.8801775436,253.2868150327,-170.6381601081,220.8990313222
1935,198.75,-162.1779722572,-60.2855310745,-194.5700506459,-117.3026282718,-84.1931713815,20.3809339105,-137.1030227693,89.9657299503,114.8906776659,-189.3864230695,40.5469837553,160.4420639998,-180.0363085401,197.7022509557,-143.8899706287,177.2222613966
1936,206.5833333333,-206.5693311839,1.2026243571,-206.5817775233,-146.5010507804,-63.3800800134,-0.4008767984,-128.5337792662,78.7781638655,-2.4052079571,-206.5798327663,-0.8017520873,145.6506633398,-196.6205458964,206.5829443804,-161.7273668822,190.9729680061
1937,241.5,-193.7575919304,75.9269107393,-236.0314255828,-195.7787002505,-44.7151854905,-25.6968939927,-132.715382391,74.302402012,-144.153548584,-229.2539077651,-51.1020169595,141.3964303942,-237.3242553692,240.1289645985,-201.7644103325,229.7855588483
1938,160.1666666667,-47.8147412084,94.8552407467,-146.0795490025,-142.9090774538,-9.7050609807,-33.5878451171,-75.6761119964,37.1758694514,-152.8630486229,-129.0575236629,-65.6820102795,72.3212049984,-159.8723644114,156.605292923,-141.1612099135,155.7925410334
1939,104.1666666667,33.2462020238,84.5985829923,-84.0539464844,-99.1540388473,6.7628802424,-32.3656841345,-40.7938183724,16.1577958148,-98.7187140083,-60.7764279976,-61.5274615505,31.9244580958,-103.9468994019,99.0108930116,-95.8465378981,102.9058797099
1940,260.0833333333,211.9856292885,247.7672994584,-173.360645716,-256.985880363,49.2644558075,-106.1958701437,-80.0036822385,20.0698267725,-150.6832215376,-79.0866967121,-193.8799288083,40.0199646653,-255.374927649,237.4147793255,-247.4727280046,259.3078138643
1941,175.75,175.7411237609,175.7477809262,-87.3646038868,-175.7494452307,54.6456082764,-88.1298285681,-38.8620035251,-0.2207948242,1.7663293217,0.8831758121,-152.4975032179,-0.4415893,-167.038678144,152.0565546649,-171.399554206,175.7498613076
1942,303.8333333333,244.0567138896,288.5023911061,-92.9517880837,-299.9761137231,129.9007869537,-178.9872102018,-40.3659144466,-24.2069400335,180.9724146101,95.2946208896,-289.2657247869,-48.2599796935,-274.6643041846,245.5163396367,-301.1399797359,302.8674933013
1943,215.5,64.6609499292,173.7450498716,-21.8532862959,-204.795395758,115.8130261498,-144.4487223953,-9.3788575196,-33.962053929,205.5704539914,127.4868920522,-214.3890945876,-67.0753000466,-181.7349525381,159.921282506,-215.2958128521,212.8070226588
1944,493,-156.6033125655,287.9614270221,53.0186870996,-438.7561871483,314.940463492,-366.8700129066,22.7582323664,-115.6334720915,467.4659372548,400.1589890873,-490.1408152952,-224.8154982181,-379.2907914193,329.3256650034,-492.4744286352,479.247222352
1945,300.4166666667,-244.5825295003,91.579215365,93.6692904654,-242.654173905,219.3549550655,-243.3002153943,40.6991185862,-93.1472370332,174.4407058985,286.1178444702,-285.440427471,-177.1133125928,-205.2646518506,176.2247962128,-297.6470314944,285.6112144931
1946,164.25,-164.2441253385,-0.6945909417,82.5256965594,-115.8964536511,133.0441597506,-142.360296712,36.7425161382,-63.0161486756,-1.3891694618,164.2485313281,-142.0125765817,-116.3876047141,-96.3188146535,81.9244067422,-160.0876322763,151.680676113
1947,244.6666666667,-196.7624342982,-76.55249458,164.2066505614,-143.4083925436,214.5946227469,-223.6489119302,75.8766683073,-111.2980781553,-145.4177507282,232.3822139308,-181.3779305462,-198.2317096881,-117.5198947663,99.211601994,-232.6037596093,217.8864740564
1948,194.8333333333,-58.7558298423,-115.1356452121,157.9214841065,-88.1128998377,181.2634149554,-185.3758303167,76.7744882318,-101.9624876921,-185.7626987242,157.1744603279,-114.1088630885,-173.7703791213,-71.4395001137,59.9652341959,-179.0689971338,166.0231275498
1949,207.9166666667,65.7314425946,-168.665353166,190.1522115186,-63.8788003384,201.4619380446,-203.4270806162,98.7213610308,-122.3680371681,-197.2529283236,121.5785298446,-84.092072946,-197.8606558796,-51.4045503542,42.9739822424,-182.9847894062,168.0934375798
1950,259.0833333333,210.6913638154,-246.6888672528,253.5499997981,-40.0699362804,257.0867715753,-257.6962870565,142.9500472974,-168.4380018777,-150.7757368568,79.1756047317,-53.259470646,-255.9659622246,-32.1024219041,26.7730694613,-216.0774342424,196.8573420895
1951,181.5833333333,181.5790543754,-181.5822635907,181.5828578919,0.3116467815,181.5831621743,-181.5832144729,113.3545337001,-128.5089428909,1.2465779463,-0.6232926451,0.4155288834,-181.5830658974,0.2493174693,-0.2077645777,-141.8564649005,128.2885752571
1952,193.75,155.9981435811,-184.0702349904,189.4277415688,30.6223322969,192.1902641458,-192.6664052565,134.0242998692,-147.4315763033,114.9071002995,-60.474879831,40.6963539417,-191.3147544354,24.5349723365,-20.4626192244,-139.9162233073,125.70995509
1953,309.3333333333,93.7551665496,-249.6885152516,282.3282546674,96.047202961,299.5190032359,-302.5067364717,233.1310924803,-250.3973967121,294.7831064636,-182.5999903136,126.4035906434,-294.0442924365,77.3012148138,-64.628055056,-203.3150383765,181.6266908549
1954,232.6666666667,-73.2043418625,-136.2012620557,187.9615314462,105.9346122368,216.2266144084,-221.2082285551,188.3466735081,-198.4706916544,220.8504066337,-188.6345514275,137.1285545544,-207.1512387316,85.9059311065,-72.1158609275,-136.5990788996,121.4214245182
1955,340,-276.1788130563,-104.1614217474,227.0331220342,200.231262052,297.7609287682,-310.4764576354,292.0117805343,-303.0500198793,198.30598382,-323.651661852,253.0927922708,-274.7861745013,164.129306643,-138.5798298967,-174.1525768664,154.1450143571
1956,337.25,-337.2453124566,0.8890652429,168.1114371928,238.7858870967,272.6317976819,-291.9187769682,303.9618791844,-311.6633623987,-1.778124307,-337.2488281121,292.362971638,-238.1572224885,198.5181739608,-168.881586188,-146.0983863795,128.854612018
1957,212.3333333333,-171.1608894154,66.1146060208,65.2810529358,171.9357134554,154.6402501298,-171.678169867,198.8466217437,-201.9815927275,-125.6558569226,-201.7778563548,202.0490746626,-124.5935587541,145.50545517,-124.9481910054,-74.4678821073,65.4895460643
1958,238.9166666667,-72.7752535882,140.8792969318,24.6064277233,213.0018610675,152.1204852921,-177.4261244876,230.3488326862,-232.347657887,-227.563037588,-192.961647244,237.6461599223,-108.2191332109,184.2295621382,-160.0035748365,-63.408113765,55.639369924
1959,304,95.1883811023,246.3262753495,-32.2116646657,289.2223951445,162.6696786834,-203.2531106055,299.148012974,-300.2828734077,-288.7129579758,-178.1554547929,302.2886181441,-93.6290881451,256.8162293101,-226.0623211178,-54.0968236934,47.3940496058
1960,187.5,152.1301269391,178.4385731857,-58.1782993926,185.2207905073,79.6979244844,-110.1086256019,186.7547498465,-186.9293291864,-109.6023470438,-57.5840741826,178.2457165819,-29.1463336261,169.7188582123,-151.7640951215,-16.7007008769,14.6176567869
1961,340.8333333333,340.8310257451,340.8327564358,-170.7785935889,340.8331891089,105.0847014831,-170.2356070219,340.8332862396,-340.8332972772,1.2541932159,0.6270976694,294.9610704532,0.3135489674,324.2291884228,-295.2747859418,0.1791708555,-0.1567745003
1962,241.25,194.697610545,229.3167689507,-161.628530574,238.248014692,45.0464237151,-98.0017334006,240.2683865948,-240.4983326808,142.458425332,74.9358524207,179.1027096515,37.9400315672,237.0071353577,-220.4477778307,21.7408579203,-19.0293057619
1963,145.1666666667,44.4386753302,117.3123511824,-117.5287821325,138.0275408951,9.0269224221,-44.7889471385,142.8224980973,-143.3707765395,138.1975587556,85.5053996609,85.2076668005,44.9639751976,144.8857335375,-138.0844354927,25.9825931802,-22.7636013317
1964,282,-87.8730931504,165.4445341067,-257.7238678554,251.1765898906,-17.8602656049,-58.5058512662,271.8083095537,-274.1858843459,267.9595482534,228.3683562453,114.4657500637,128.1964145011,281.4338481998,-275.8642154532,75.1281761896,-65.9249635983
1965,187.1666666667,-151.6852326092,57.6235270575,-183.1077719297,151.3548225067,-35.1599891554,-19.4896100304,175.2093481132,-177.9886776225,109.6492194201,178.0755183639,38.7673183244,110.1048537309,183.8345350409,-186.1491773068,65.8258721543,-57.8912061483
1966,219,-218.9995230017,-0.2285417022,-218.9999470002,154.7755622946,-67.7616583154,0.0761805797,197.2838417158,-202.3077459497,-0.4570831554,218.9998807504,-0.1523611501,154.937165704,208.2531096103,-218.99998675,95.0793657839,-83.860455095
1967,311.3333333333,-251.5499135236,-96.4690918569,-304.4917395291,182.885757391,-132.6589222132,32.6344618799,267.2233707241,-277.3687770029,-183.4423218635,296.0104031292,-64.9093599028,251.9548455338,281.6559156163,-309.6182106114,159.7501630148,-141.4036986374
1968,96.5,-29.687024931,-56.77786582,-88.1381544724,43.778910153,-51.730913325,20.0862900185,78.0583882446,-82.2706351919,-91.8200988387,78.0289943093,-39.2926930382,85.9980059409,81.4626454675,-94.3863917802,56.7374481683,-50.436024676
1969,85,26.3579017288,-68.7947005479,-68.7475949417,26.2435749606,-54.1958595649,26.2816897284,64.002033555,-68.7593770756,-80.8100304198,49.9228322166,-49.9876803796,80.8472310799,65.4813622798,-80.8348488279,55.9351383375,-49.9714725035
1970,290.8333333333,235.4280145662,-276.6354478498,-194.5469047812,45.4379706934,-212.0407455465,118.3285742552,200.959637181,-221.1322050883,-170.7561938414,89.7599953806,-216.1840179518,287.2619337765,199.0546407544,-265.6734391927,210.2361814766,-188.9036147101
1971,193,192.9999764042,-192.9999941011,-96.4724487685,-0.0238589312,-156.1514982931,96.5137746326,120.3228722222,-136.4631731023,0.0954357211,-0.047717862,-167.158806614,192.9999985253,113.427111313,-167.1349493857,150.9019761972,-136.4800439143
1972,174,140.7509591189,-165.4791027391,-53.7592510314,-27.2271566951,-152.4803121221,102.2787620196,95.8524245392,-113.0010502939,102.2994013038,-53.7835156591,-165.4869871879,171.8565737419,83.8197734139,-140.7659576735,145.2181555797,-132.3131234325
1973,352.75,109.0535757313,-285.3955249642,-36.8890880776,-108.9937866781,-327.9749524006,236.0295920861,167.1634975578,-207.3463337623,335.4696411305,-207.3209030233,-350.8158458234,335.4890713057,129.8652882715,-262.1499459464,310.6266691452,-285.3770494895
1974,153.8333333333,-47.4696474305,-90.4496554666,16.0564467517,-69.8230708475,-148.9968475618,114.3125346796,60.4696684821,-80.3852558383,146.3260982097,-124.4329308118,-152.9930879555,137.0745535169,38.2705351555,-102.9433769582,141.4500393711,-131.1598455635
1975,429.8333333333,-347.5453906376,-132.9851508666,132.7195627888,-252.5819112324,-426.4355637447,347.7096392944,132.8713342717,-195.1775724817,252.9207304493,-408.7439835562,-408.8302974311,347.7917085881,53.9388952259,-252.6948776414,408.7809963456,-382.965285169
1976,379.9166666667,-379.9164375821,-0.2086061465,189.8378817882,-268.5678877484,-379.9166575033,328.9827114509,84.5975178703,-145.4359943825,0.4172122301,-379.9166093956,-329.0869979949,268.7153945748,0.0834424621,-190.0185495617,370.3780954394,-350.9772715563
1977,307.3333333333,-248.8935609586,94.7641547294,205.5382619907,-248.5738937733,-304.9208199506,280.7334473864,41.315993078,-95.0229825483,-180.2935747361,-292.3585688092,-228.4902637654,180.7340507822,-38.4326858076,-125.0700175754,304.5435379281,-292.2745465575
1978,324.6666666667,-100.8631639942,190.6063183646,262.5504264918,-289.2161496818,-314.4946683166,308.7473208349,14.6465150249,-75.8604019931,-308.6017929202,-262.8263225858,-190.9861722572,147.5210602175,-80.6321774782,-100.4168129435,324.3361281789,-315.6796538485
1979,317.0833333333,97.364591956,256.3342833526,289.5816802453,-301.513821649,-294.8645480353,310.1317177605,-14.1329525779,-49.6831594367,-301.7647701621,-186.6402300038,-129.1676845966,98.1389608278,-116.6050538771,-66.0314918554,316.7682116772,-313.1667669887
1980,177.6666666667,143.4872104773,168.9058004322,173.7549594002,-175.4627809365,-155.7310789151,176.6860335424,-23.7891094483,-13.9920876106,-104.7705343782,-55.1024048915,-37.0763877459,27.8972570426,-85.5176911779,-18.6410835389,176.0668132162,-177.1148382512
1981,233.8333333333,233.8324867963,233.8331216989,233.8332392736,-233.8332804247,-189.2490804597,233.8333098184,-51.9451752638,-0.0786504703,-0.6292030151,-0.3146017923,-0.2097345633,0.1573009317,-137.3419576201,-0.1048672922,227.9906281946,-233.8333201062
1982,292.6666666667,237.2889183892,278.4783066594,286.3320922883,-289.0978169468,-213.4653608494,291.0787151163,-90.3193037965,22.8526076342,171.3118413522,90.0200560872,60.5616273195,-45.5656670577,-200.2156774462,30.4460076863,278.381395103,-291.7730900925
1983,412.8333333333,128.8784264974,334.3924875926,377.3280508899,-392.7338325161,-263.3615277556,403.859479349,-162.0733436616,64.4117377529,392.2011120518,242.1012708614,167.4959794224,-127.2458168598,-317.9183335533,85.6088900233,379.6888099292,-407.7774995641
1984,180.3333333333,-55.1003093866,106.2630901388,146.021460156,-160.7527423812,-96.7384472548,171.5410268117,-85.3715819969,42.0180510914,171.7092514007,145.6992339899,105.8198671565,-81.7231113458,-152.1899600297,55.6218233384,158.8452205716,-175.3698790944
1985,217.0833333333,-175.1168062219,67.4916053809,145.4701895729,-175.7504996852,-92.5853199546,198.3737977458,-119.487914351,66.9801063915,128.2937168756,206.3251240499,161.1322362432,-127.4242342394,-196.3495152528,88.1646753467,181.2396533189,-206.4917406553
1986,167.75,-167.7484610505,0.3592762034,84.0823428035,-118.744117924,-51.9742586614,145.3356038713,-104.5101393529,64.112154535,0.7185507587,167.7496152622,145.1558546138,-118.4900711387,-159.4952630538,83.7712644488,131.2162081164,-155.0151416504
1987,132.6666666667,-107.6873122812,-40.7058207251,41.1897566681,-78.1029413496,-24.979187568,107.3893667046,-91.6179168683,60.1613977511,-77.4847547463,126.2674962275,126.1104610652,-107.2398013659,-130.2938395815,77.8971653094,95.9510383121,-118.2414929925
1988,243.4166666667,-76.3580905346,-142.5917980463,25.8409954529,-110.7755691402,-15.5233269515,181.0273495741,-183.1975236041,127.0571796927,-231.1300837646,197.2796308316,242.04114643,-216.7497333165,-242.9211804917,162.7291378866,160.2820668585,-207.625014629
1989,232.1666666667,70.5856611889,-187.4686624263,-23.8647635639,-72.0325851651,14.3350703334,155.5004156003,-187.7245912883,136.3411088446,-221.1764579372,136.9556925404,230.9368618717,-220.7094646488,-231.7236864666,172.3977431966,136.6046812403,-187.916106681
1990,442.5,356.5389955529,-420.4609111036,-135.9601613222,-69.829423729,82.4330451285,260.4264566196,-379.6832799019,287.1469397364,-262.080511771,137.9089273177,421.0951015308,-436.9554915339,-434.7540029383,357.7489492543,227.259448567,-336.6792019119
1991,148.5,148.4974362374,-148.499359058,-73.9979583297,-0.2181512009,45.7230126563,74.3759140718,-133.7397427251,104.9282005627,-0.8726000959,0.4363019311,128.7499598564,-148.4998397644,-141.285725088,128.5319937058,64.5440254077,-105.0824567978
1992,450.75,366.2986420685,-429.1180929607,-300.9182980606,69.8232844328,191.4145691528,183.7615841915,-421.8675421702,342.5262091856,262.6801616391,-137.9609538739,335.5946072157,-445.3091863537,-408.0882566505,411.5911110258,158.7555963211,-293.0040247521
1993,270.9166666667,85.3942359152,-219.6936071265,-218.8299492019,83.2982009023,144.8663174385,83.9974995853,-261.0864304781,219.0464690489,257.1063296581,-158.5262100271,159.7162909978,-257.7930371524,-228.9314097052,257.5660310313,72.3167760481,-159.4192104955
1994,307.1666666667,-92.9217504103,-181.3958334372,-280.3254765655,138.9831061802,195.4718386668,64.2056029205,-302.1766998183,261.7654852721,292.7745026668,-247.884877963,125.5746323884,-273.9252768688,-236.9432873059,300.3814269637,55.1416648104,-160.7177396288
1995,298.5833333333,-240.2979368891,-93.28195955,-291.9097816395,175.0707978535,217.365365995,31.5643098286,-297.3538301806,265.9184361198,177.22558639,-283.6379434542,62.7748861218,-241.8723272377,-204.7054093333,296.9102579728,27.0685541049,-135.7917238863
1996,377,-376.9894850081,-1.4078621965,-376.9988316627,266.0810364832,304.6680577048,0.4692883684,-376.9997854074,348.1677402878,2.8157047593,-376.9973712429,0.9385760096,-267.0765471247,-222.0503875574,376.9997079156,0.4022472005,-144.5967656032
1997,359.9166666667,-292.8172893769,109.8867239696,-352.2446815164,290.7662896095,315.1269465661,-37.1569328795,-358.5034175251,342.1926655261,-209.2798174369,-342.7315492331,-73.916786239,-212.1201823759,-173.8821856672,357.9935324604,-31.8638755852,-111.5535145327
1998,309,-97.8652049443,180.610979279,-282.6241007822,275.0361727093,287.1161479451,-63.8363253105,-304.0979293748,300.3890621903,-293.0928208967,-250.720310633,-124.9184440227,-140.8407032835,-114.2161003938,302.3341257133,-54.8219787123,-72.4390179144
1999,194,58.3928490914,156.4675888543,-157.2688890972,184.3782962251,187.8235783831,-59.6901814168,-187.0707726224,191.5794736756,-185.0034463868,-114.6904252243,-113.5891567102,-60.337748393,-48.5623661219,184.5889548224,-51.3860489868,-30.5500452728
2000,178.5833333333,143.55371056,169.5999809679,-119.8818326667,176.3231931411,177.1357420832,-72.3985830687,-167.2741870609,178.0174015645,-106.2277700458,-55.927215201,-132.3644708405,-28.3220498016,-22.6921973607,163.2496619111,-62.5408129747,-14.2060439484
2001,224.5833333333,224.5741131702,224.5810282807,-112.8786211451,224.5827570694,224.5829645244,-111.9978049166,-202.4685611589,224.5831892673,-2.0350196337,-1.0175202603,-194.1548106524,-0.5087614356,-0.4070092738,194.6642373549,-97.1810442079,-0.254380881
2002,95.6666666667,77.9199958041,91.122053797,-29.8469577299,94.5236855442,94.9346329568,-56.1103918849,-82.1906108712,95.3804933626,55.5030212242,29.1355868815,-90.8915299981,14.7439473095,11.8121368297,77.4837727117,-48.9572731649,7.3940920354
2003,254.25,80.9089950258,206.4148425929,-27.39366642,241.9959051609,246.3844514085,-169.8208214748,-205.8994284892,251.167793902,241.0327716803,148.4451927728,-252.7699537921,77.9810514508,62.7516103707,189.2193200856,-149.15927007,39.4689980418
2004,141.6666666667,-42.425609486,83.8425600971,14.3376822511,126.3865903848,131.8225506592,-105.1204454345,-106.8183960736,137.793707069,135.164759106,114.1922482519,-140.9392610741,63.9990172999,51.8869885633,94.9691339126,-93.0552239518,32.8989169523
2005,174.8333333333,-140.3734740166,54.8850256014,53.4532985849,141.7081973995,153.3813962427,-141.2659067392,-121.0072390488,166.3460413662,104.220833987,165.9949650115,-166.4615250285,102.39863883,83.909723698,103.0079513319,-126.1901047714,53.8116062408
2006,265.9166666667,-265.9015747591,1.4165432844,132.1396510915,188.5316367079,215.463664656,-230.0541340249,-166.1125671888,245.8102703364,2.833046371,265.912893663,-230.7613187268,187.5299857926,155.8431353129,133.367046264,-207.6494368716,101.4346321937
2007,212.3333333333,-173.1403599177,-64.505715594,141.5006436279,125.2771544084,155.1029444137,-193.8178884607,-117.2514247185,189.3224236989,-122.9140358625,202.2979414135,-158.3130199867,171.4382659378,145.0121411422,86.718340373,-177.0241448106,96.1377362392
2008,280.5833333333,-89.7124778488,-163.638597018,226.3743561669,128.0873606784,179.3383052943,-266.6869685407,-133.3580217972,239.4432976317,-265.8546186596,227.9241463961,-165.7759265227,249.6410122133,215.788737423,87.2070395953,-246.8656415275,146.266585944
2009,134,39.925963818,-107.9492453693,122.2032554978,41.7779913382,72.0633004802,-131.0176252202,-52.8696398447,108.522465046,-127.9137108101,79.3911860611,-54.9760342854,127.3208523367,112.9729203123,28.113731194,-123.1292052386,78.6058177258
2010,387,310.3540229116,-367.3390850882,378.2202082007,61.6797133217,165.6114919676,-384.7987919509,-120.2165863767,294.6515306727,-231.1912205569,121.7825790768,-81.9662986147,382.0531546324,349.7739752015,41.2175898514,-367.8545532679,250.8973405046
2011,353.9166666667,353.8901263069,-353.9100315145,353.9137177051,1.0835799307,110.1903735986,-353.9159294255,-79.3574114994,250.6396855464,-4.3342181495,2.167149704,-1.4447714853,353.9150078748,336.3258665501,0.7223872475,-344.9049262979,249.8734779317
,,-5.7524556146,-19.950715236,-8.6045219401,41.1226943517,6.3833349814,-22.8693306368,-5.3351978789,0.9818780708,8.0338332271,-21.6355319616,-22.387648359,-12.035778358,-32.4520237401,55.6471963306,0.1188215002,-64.8214082285
,,,,,,,,,,,,,,,,,
,,,,,,,,,,,,,,,,,
u,R^2,,,,,,,,,,,,,,,,
10,97.6332219183,,,,,,,,,,,,,,,,
20,866.1272816871,,,,,,,,,,,,,,,,
30,575.2445968657,,,,,,,,,,,,,,,,
40,1835.935951425,,,,,,,,,,,,,,,,
50,1093.8808103101,,,,,,,,,,,,,,,,
60,3619.6167432312,,,,,,,,,,,,,,,,
70,28.4784549555,,,,,,,,,,,,,,,,
80,4202.7790492667,,,,,,,,,,,,,,,,
